translation_id,attribute,local_count,other_count,log_odds_ratio,z_score
butcher_lang_1879,evil,108.0,131.0,1.129120558907303,8.72036722699558
butcher_lang_1879,gray-eyed,56.0,7.0,3.3207620379799803,8.597546430711853
butcher_lang_1879,steadfast,52.0,23.0,2.1110072857558317,8.523893186102377
butcher_lang_1879,wise,195.0,416.0,0.5717921708370914,6.609473308720246
butcher_lang_1879,fair,186.0,410.0,0.5362717461252244,6.086068827648691
butcher_lang_1879,lordly,32.0,24.0,1.5838878993290226,5.92979230029201
butcher_lang_1879,black,73.0,130.0,0.73494565591285,5.049139637334528
butcher_lang_1879,wide,62.0,111.0,0.7278951170492065,4.615314325347432
butcher_lang_1879,bronze,44.0,67.0,0.8871392317953335,4.602379785371851
butcher_lang_1879,shining,25.0,29.0,1.1537869807196852,4.2739758535199455
butcher_lang_1879,wine-dark,12.0,7.0,1.8055040455326052,3.9159367060521113
butcher_lang_1879,mighty,76.0,175.0,0.4761632984640731,3.483310787413062
butcher_lang_1879,dark,54.0,114.0,0.5616033843855059,3.4197849919297596
butcher_lang_1879,glad,47.0,99.0,0.5633951422934942,3.2012657437555245
butcher_lang_1879,godlike,46.0,98.0,0.5519830617778831,3.1088633270674935
butcher_lang_1879,white,34.0,67.0,0.6296982647367049,3.0148337038760378
butcher_lang_1879,crafty,14.0,18.0,1.0531169720764835,3.007465700708274
butcher_lang_1879,rosy-fingered,21.0,36.0,0.7692877475215507,2.834917395393064
butcher_lang_1879,great,190.0,560.0,0.23266131498112452,2.7816644756566973
butcher_lang_1879,sorrowful,5.0,3.0,1.7447052996952772,2.5557298808386544
butcher_lang_1879,noble,64.0,168.0,0.3428937987138343,2.347588926628635
butcher_lang_1879,gray,19.0,39.0,0.5922624688119047,2.1442989662971055
butcher_lang_1879,guileful,7.0,11.0,0.8679349075445346,1.8523670951902447
butcher_lang_1879,senseless,2.0,1.0,1.802661171590131,1.747854058875112
butcher_lang_1879,tall,18.0,43.0,0.4429939192212231,1.5995734826213406
butcher_lang_1879,tireless,1.0,0.0,2.38929635369146,1.4651399668604437
butcher_lang_1879,deep,116.0,373.0,0.13780068041906368,1.3022948643155097
butcher_lang_1879,ashen,5.0,10.0,0.6488523053000295,1.235019021603052
butcher_lang_1879,trusty,3.0,5.0,0.8424872427293071,1.2341166275156739
butcher_lang_1879,violet,2.0,3.0,0.9574020772376768,1.1578445357077285
butcher_lang_1879,bitter,17.0,46.0,0.3206087259949575,1.1460214516840486
butcher_lang_1879,princely,4.0,8.0,0.6592459965581092,1.1328856912271033
butcher_lang_1879,ancient,17.0,47.0,0.29933247635582916,1.073105240455936
butcher_lang_1879,red,10.0,27.0,0.33424481907945314,0.9235768145250909
butcher_lang_1879,holy,9.0,24.0,0.3495206109107114,0.9166473130038423
butcher_lang_1879,reckless,2.0,4.0,0.7067944641725301,0.8975097853796781
butcher_lang_1879,brown,1.0,2.0,0.7831465651586784,0.7593362103646212
butcher_lang_1879,strong,39.0,127.0,0.1270833025253042,0.6998962442381895
butcher_lang_1879,cunning,9.0,27.0,0.23427287715293765,0.624123008848174
butcher_lang_1879,righteous,6.0,18.0,0.2508517952473852,0.5515453511563115
butcher_lang_1879,dim,3.0,9.0,0.2977097894213987,0.47723174543627594
butcher_lang_1879,dark-haired,1.0,3.0,0.4477549589651444,0.4596438334296515
butcher_lang_1879,greedy,1.0,3.0,0.4477549589651444,0.4596438334296515
butcher_lang_1879,vermilion,1.0,3.0,0.4477549589651444,0.4596438334296515
butcher_lang_1879,wrathful,1.0,3.0,0.4477549589651444,0.4596438334296515
butcher_lang_1879,helpless,2.0,6.0,0.3403379491336578,0.4583102477141173
butcher_lang_1879,shameless,9.0,29.0,0.1642381771302004,0.44147049898279983
butcher_lang_1879,valiant,9.0,29.0,0.1642381771302004,0.44147049898279983
butcher_lang_1879,good,121.0,427.0,0.04148017239694424,0.4047242463438456
butcher_lang_1879,high,73.0,257.0,0.04510304334825577,0.34211039056717346
butcher_lang_1879,yellow,3.0,10.0,0.19802998760087576,0.32165933583341605
butcher_lang_1879,golden,40.0,140.0,0.05443874909409718,0.3061697125446018
butcher_lang_1879,wanton,5.0,17.0,0.13965843222722718,0.2864786954476466
butcher_lang_1879,distressed,2.0,7.0,0.19783696303240195,0.2715656647462777
butcher_lang_1879,feeble,2.0,7.0,0.19783696303240195,0.2715656647462777
butcher_lang_1879,old,127.0,458.0,0.01883278952269407,0.18869684545714818
butcher_lang_1879,brilliant,0.0,1.0,0.1959579721312874,0.12016335116859655
butcher_lang_1879,copper,0.0,1.0,0.1959579721312874,0.12016335116859655
butcher_lang_1879,formidable,0.0,1.0,0.1959579721312874,0.12016335116859655
butcher_lang_1879,merciless,0.0,1.0,0.1959579721312874,0.12016335116859655
butcher_lang_1879,sun-bright,0.0,1.0,0.1959579721312874,0.12016335116859655
butcher_lang_1879,blameless,4.0,15.0,0.06058954362268043,0.11347905759217901
butcher_lang_1879,guiltless,2.0,8.0,0.07326137351028272,0.10210615283946264
butcher_lang_1879,subtle,2.0,8.0,0.07326137351028272,0.10210615283946264
butcher_lang_1879,captain,1.0,5.0,-0.0021746902869033136,-0.002367421514511685
butcher_lang_1879,fearful,1.0,5.0,-0.0021746902869033136,-0.002367421514511685
butcher_lang_1879,gleaming,1.0,5.0,-0.0021746902869033136,-0.002367421514511685
butcher_lang_1879,murky,1.0,5.0,-0.0021746902869033136,-0.002367421514511685
butcher_lang_1879,foolish,5.0,20.0,-0.01792646485525573,-0.037448222368582126
butcher_lang_1879,endless,2.0,9.0,-0.037385264877762836,-0.05275517543487962
butcher_lang_1879,kingly,2.0,9.0,-0.037385264877762836,-0.05275517543487962
butcher_lang_1879,low,9.0,36.0,-0.048121276701238,-0.1325537521287677
butcher_lang_1879,silver,22.0,85.0,-0.03724945900617804,-0.1577292863942664
butcher_lang_1879,loyal,1.0,6.0,-0.1682224846117144,-0.18632022630484701
butcher_lang_1879,boastful,0.0,2.0,-0.3119212627338115,-0.2019163648195329
butcher_lang_1879,chieftain,0.0,2.0,-0.3119212627338115,-0.2019163648195329
butcher_lang_1879,dazzling,0.0,2.0,-0.3119212627338115,-0.2019163648195329
butcher_lang_1879,deceitful,0.0,2.0,-0.3119212627338115,-0.2019163648195329
butcher_lang_1879,despairing,0.0,2.0,-0.3119212627338115,-0.2019163648195329
butcher_lang_1879,hopeful,0.0,2.0,-0.3119212627338115,-0.2019163648195329
butcher_lang_1879,sagacious,0.0,2.0,-0.3119212627338115,-0.2019163648195329
butcher_lang_1879,terrified,0.0,2.0,-0.3119212627338115,-0.2019163648195329
butcher_lang_1879,treacherous,0.0,2.0,-0.3119212627338115,-0.2019163648195329
butcher_lang_1879,wily,0.0,2.0,-0.3119212627338115,-0.2019163648195329
butcher_lang_1879,afraid,3.0,15.0,-0.18949942426403954,-0.32136358820642824
butcher_lang_1879,clever,0.0,3.0,-0.6453327605326447,-0.428719756358095
butcher_lang_1879,gentle,18.0,76.0,-0.12179139707690556,-0.47174718702237234
butcher_lang_1879,comely,4.0,21.0,-0.2649719436802531,-0.5131458056936383
butcher_lang_1879,keen,5.0,26.0,-0.27341265679960447,-0.5858358140898583
butcher_lang_1879,courageous,0.0,4.0,-0.8935553802722467,-0.6029891107692709
butcher_lang_1879,glowing,1.0,9.0,-0.5447293422720509,-0.6229947556895575
butcher_lang_1879,warlike,2.0,14.0,-0.4574166705866345,-0.6710196435998769
butcher_lang_1879,purple,12.0,56.0,-0.21036121156780485,-0.6755835128634815
butcher_lang_1879,lovely,8.0,40.0,-0.2625749267684858,-0.6987498717177423
butcher_lang_1879,handsome,0.0,5.0,-1.0911258560901116,-0.7442755584929982
butcher_lang_1879,little,15.0,70.0,-0.21687081032998368,-0.7760419698728923
butcher_lang_1879,woeful,3.0,20.0,-0.4672160331739006,-0.811655354010042
butcher_lang_1879,narrow,1.0,11.0,-0.7338135399333447,-0.8502719142602383
butcher_lang_1879,shrewd,1.0,11.0,-0.7338135399333447,-0.8502719142602383
butcher_lang_1879,weary,4.0,25.0,-0.43452635380839144,-0.8537586915119585
butcher_lang_1879,crimson,0.0,6.0,-1.2550799824754408,-0.8630202708811737
butcher_lang_1879,intelligent,0.0,6.0,-1.2550799824754408,-0.8630202708811737
butcher_lang_1879,melancholy,0.0,6.0,-1.2550799824754408,-0.8630202708811737
butcher_lang_1879,queenly,0.0,6.0,-1.2550799824754408,-0.8630202708811737
butcher_lang_1879,servile,0.0,6.0,-1.2550799824754408,-0.8630202708811737
butcher_lang_1879,unwise,0.0,6.0,-1.2550799824754408,-0.8630202708811737
butcher_lang_1879,brazen,5.0,30.0,-0.41319194955221317,-0.8959965780627022
butcher_lang_1879,lawless,4.0,26.0,-0.47272718631312216,-0.9316183459192764
butcher_lang_1879,dauntless,1.0,12.0,-0.8162132003982014,-0.9506461681969445
butcher_lang_1879,fair-haired,1.0,12.0,-0.8162132003982014,-0.9506461681969445
butcher_lang_1879,grieving,0.0,7.0,-1.3950851405688205,-0.9654230966104176
butcher_lang_1879,ruthless,0.0,7.0,-1.3950851405688205,-0.9654230966104176
butcher_lang_1879,small,4.0,27.0,-0.5095037685394868,-1.0069318647605325
butcher_lang_1879,immense,0.0,8.0,-1.51715896330054,-1.0554550721673261
butcher_lang_1879,powerful,0.0,8.0,-1.51715896330054,-1.0554550721673261
butcher_lang_1879,ruddy,1.0,14.0,-0.9626751960631426,-1.1308061722726706
butcher_lang_1879,violent,1.0,14.0,-0.9626751960631426,-1.1308061722726706
butcher_lang_1879,boundless,3.0,24.0,-0.6439926933345408,-1.1333372502740426
butcher_lang_1879,dusky,0.0,9.0,-1.625302827592618,-1.1358077693190445
butcher_lang_1879,thoughtful,0.0,9.0,-1.625302827592618,-1.1358077693190445
butcher_lang_1879,able,6.0,39.0,-0.5043464021185695,-1.1974843924320866
butcher_lang_1879,heroic,0.0,10.0,-1.7223127732383672,-1.2083873292708343
butcher_lang_1879,honest,1.0,15.0,-1.02839020005828,-1.212311173815716
butcher_lang_1879,raging,1.0,15.0,-1.02839020005828,-1.212311173815716
butcher_lang_1879,splendid,5.0,35.0,-0.5640084218122716,-1.2372986087376376
butcher_lang_1879,unjust,2.0,21.0,-0.8474532822871579,-1.2768943390824723
butcher_lang_1879,prudent,5.0,36.0,-0.5915914922904459,-1.3003876040179745
butcher_lang_1879,joyful,1.0,17.0,-1.1478030717546241,-1.3613994276673254
butcher_lang_1879,peaceful,1.0,17.0,-1.1478030717546241,-1.3613994276673254
butcher_lang_1879,cheerful,0.0,13.0,-1.9644598653818086,-1.3918549117035588
butcher_lang_1879,blue,2.0,24.0,-0.9764320093468237,-1.4821209863565497
butcher_lang_1879,mournful,0.0,15.0,-2.0965447062972373,-1.4935414211966325
butcher_lang_1879,weak,0.0,15.0,-2.0965447062972373,-1.4935414211966325
butcher_lang_1879,youthful,0.0,15.0,-2.0965447062972373,-1.4935414211966325
butcher_lang_1879,impious,1.0,19.0,-1.2540745678923857,-1.49509314213177
butcher_lang_1879,hospitable,8.0,55.0,-0.5762722063703247,-1.5729855534270165
butcher_lang_1879,angry,13.0,78.0,-0.46198962863191184,-1.5755773350185083
butcher_lang_1879,stubborn,0.0,17.0,-2.2118775282867817,-1.5834450216872544
butcher_lang_1879,patient,4.0,36.0,-0.7902735794460902,-1.5921408245563555
butcher_lang_1879,false,0.0,18.0,-2.264447439585944,-1.624813430002254
butcher_lang_1879,glittering,0.0,18.0,-2.264447439585944,-1.624813430002254
butcher_lang_1879,virtuous,0.0,18.0,-2.264447439585944,-1.624813430002254
butcher_lang_1879,aged,3.0,32.0,-0.9236514514584853,-1.654099908579853
butcher_lang_1879,radiant,0.0,20.0,-2.3611298085725254,-1.7016083949870902
butcher_lang_1879,vast,2.0,28.0,-1.125484952661533,-1.721772183144186
butcher_lang_1879,gold,24.0,131.0,-0.3839717371366733,-1.7528314898453834
butcher_lang_1879,cruel,8.0,59.0,-0.6455052868316518,-1.7705421297772435
butcher_lang_1879,savage,2.0,29.0,-1.15942828584767,-1.7766948296652663
butcher_lang_1879,green,1.0,24.0,-1.4775016750589653,-1.779154053237809
butcher_lang_1879,pious,0.0,23.0,-2.488817492874605,-1.8046360295251362
butcher_lang_1879,generous,0.0,27.0,-2.6342813796340057,-1.924649007170808
butcher_lang_1879,furious,0.0,30.0,-2.729125831547279,-2.0047016184568083
butcher_lang_1879,anxious,0.0,31.0,-2.758505806490393,-2.029827638156851
butcher_lang_1879,insolent,1.0,30.0,-1.6907989280130904,-2.0541579021604437
butcher_lang_1879,knowing,0.0,32.0,-2.786886310661558,-2.0542575848876763
butcher_lang_1879,wicked,0.0,33.0,-2.814328420699618,-2.0780344023217503
butcher_lang_1879,enduring,1.0,33.0,-1.7817557344689678,-2.1726506306764017
butcher_lang_1879,friendly,2.0,39.0,-1.4459417338818232,-2.2451300899105195
butcher_lang_1879,happy,5.0,55.0,-1.006986431078194,-2.271056150755674
butcher_lang_1879,base,2.0,40.0,-1.4704062339062451,-2.2855229775628607
butcher_lang_1879,sable,0.0,51.0,-3.1942769716905373,-2.426891248970709
butcher_lang_1879,young,32.0,188.0,-0.46370324142510144,-2.4532928565736527
butcher_lang_1879,unhappy,0.0,57.0,-3.288367229337158,-2.5206372388390217
butcher_lang_1879,rosy,1.0,46.0,-2.097380675256658,-2.5905351367120257
butcher_lang_1879,long,109.0,521.0,-0.2741703455927693,-2.6187974694500973
butcher_lang_1879,divine,39.0,228.0,-0.46264719118592756,-2.697917822500505
butcher_lang_1879,beautiful,8.0,82.0,-0.9702987913252983,-2.7148745409516257
butcher_lang_1879,bright,23.0,158.0,-0.613330318639906,-2.7902037535970288
butcher_lang_1879,fierce,5.0,70.0,-1.2433652872170518,-2.837620297516985
butcher_lang_1879,faithful,1.0,56.0,-2.282849771084398,-2.842107360995522
butcher_lang_1879,free,11.0,106.0,-0.9254190300272587,-3.0040373229738835
butcher_lang_1879,bold,4.0,72.0,-1.4673629416535494,-3.0597078736991143
butcher_lang_1879,huge,3.0,68.0,-1.6564533209881427,-3.07027247016759
butcher_lang_1879,brave,12.0,131.0,-1.053085522963734,-3.588583993746521
butcher_lang_1879,sad,2.0,97.0,-2.3190893955941014,-3.7336256194533495
butcher_lang_1879,royal,1.0,135.0,-3.0875821380139508,-4.027823234343566
butcher_lang_1879,sacred,12.0,161.0,-1.25786048084416,-4.3296614889260185
butcher_lang_1879,kind,6.0,135.0,-1.723217755176968,-4.364038219925035
butcher_lang_1879,just,9.0,154.0,-1.4830517242309265,-4.495352775297259
butler_1900,good,129.0,419.0,0.8937704303909282,8.916601322551456
butler_1900,wicked,24.0,9.0,2.969698074417259,7.7882839391198875
butler_1900,just,51.0,112.0,1.2569548621092594,7.487070826555032
butler_1900,old,121.0,464.0,0.7187452582817584,7.077103491255889
butler_1900,young,59.0,161.0,1.0420231232405706,6.888380993226842
butler_1900,able,22.0,23.0,1.9797529145323862,6.722869123412475
butler_1900,angry,31.0,60.0,1.3756591923524266,6.273490559637392
butler_1900,rosy-fingered,21.0,36.0,1.49372134086346,5.504541865805614
butler_1900,afraid,10.0,8.0,2.226708273649913,4.83370870445923
butler_1900,great,126.0,624.0,0.4533171771704292,4.668903101594815
butler_1900,grieving,6.0,1.0,3.4743806633111074,3.848162110739809
butler_1900,unhappy,16.0,41.0,1.0982940966748753,3.7825856816728027
butler_1900,kind,30.0,111.0,0.7298105113434814,3.5829387186398685
butler_1900,brave,30.0,113.0,0.711961185892275,3.5021156968868623
butler_1900,long,100.0,530.0,0.37647254385222384,3.476009314972176
butler_1900,little,20.0,65.0,0.8608504682606677,3.411209816307277
butler_1900,handsome,4.0,1.0,3.1074954191462103,3.3035033091846966
butler_1900,captain,4.0,2.0,2.5984681046710767,3.2996163229286326
butler_1900,melancholy,4.0,2.0,2.5984681046710767,3.2996163229286326
butler_1900,furious,9.0,21.0,1.2002888713426687,3.087573352355779
butler_1900,cunning,10.0,26.0,1.0920212800081694,3.001638131350751
butler_1900,beautiful,19.0,71.0,0.7227636607438201,2.8381155684285786
butler_1900,clever,3.0,0.0,3.9494263207189073,2.6237581500981397
butler_1900,comely,7.0,18.0,1.1134218204648763,2.5779344270334827
butler_1900,insolent,8.0,23.0,1.0001577066905476,2.505035470771496
butler_1900,blue,7.0,19.0,1.0609334046420882,2.47500661011075
butler_1900,valiant,9.0,29.0,0.8847659051030865,2.3782414809632244
butler_1900,narrow,4.0,8.0,1.3779424352626215,2.3679343923115566
butler_1900,chieftain,2.0,0.0,3.6154237915182525,2.3403766157756283
butler_1900,powerful,3.0,5.0,1.560833040885453,2.2863847793022276
butler_1900,bronze,20.0,91.0,0.5263619325452273,2.162280925986373
butler_1900,lovely,10.0,38.0,0.7194504308568686,2.0729978783380303
butler_1900,savage,7.0,24.0,0.833414347496177,2.0027642296903823
butler_1900,brilliant,1.0,0.0,3.1069539971577953,1.9052146751907404
butler_1900,copper,1.0,0.0,3.1069539971577953,1.9052146751907404
butler_1900,fearful,2.0,4.0,1.4248140819522552,1.809273622984627
butler_1900,wily,1.0,1.0,2.0104351683357695,1.7429934646662437
butler_1900,small,6.0,25.0,0.6506374673891502,1.4856910956889846
butler_1900,foolish,5.0,20.0,0.7012296901953459,1.4648624579312044
butler_1900,gray,10.0,48.0,0.48925759430054505,1.4429936750938954
butler_1900,glad,22.0,124.0,0.31164596970533687,1.3667576555354146
butler_1900,gold,23.0,132.0,0.29299374384388255,1.3151856306286227
butler_1900,distressed,2.0,7.0,0.9158927449100078,1.2572222010254108
butler_1900,feeble,2.0,7.0,0.9158927449100078,1.2572222010254108
butler_1900,guiltless,2.0,8.0,0.7913292146510367,1.1028947160832296
butler_1900,false,3.0,15.0,0.5289670292212332,0.8970514987769725
butler_1900,intelligent,1.0,5.0,0.7155431896873301,0.7789579748573253
butler_1900,yellow,2.0,11.0,0.4908043283392276,0.7059136601981049
butler_1900,loyal,1.0,6.0,0.5495074495044614,0.60862465908877
butler_1900,cruel,9.0,58.0,0.20265818621326215,0.5823135503784935
butler_1900,formidable,0.0,1.0,0.9133142075175025,0.5600532331068734
butler_1900,merciless,0.0,1.0,0.9133142075175025,0.5600532331068734
butler_1900,sun-bright,0.0,1.0,0.9133142075175025,0.5600532331068734
butler_1900,tireless,0.0,1.0,0.9133142075175025,0.5600532331068734
butler_1900,weary,4.0,25.0,0.2843754612211038,0.5587417645496802
butler_1900,golden,23.0,157.0,0.11959481041446196,0.5438275760260719
butler_1900,low,6.0,39.0,0.21535503189422833,0.5113237418603123
butler_1900,weak,2.0,13.0,0.33161153509590857,0.4836869118596881
butler_1900,noble,29.0,203.0,0.09102370364524859,0.4646800084015045
butler_1900,sorrowful,1.0,7.0,0.4074176457929264,0.4572311458281531
butler_1900,dark,21.0,147.0,0.09602378434703684,0.418328975096197
butler_1900,anxious,4.0,27.0,0.20942225194362418,0.41388101853774756
butler_1900,keen,4.0,27.0,0.20942225194362418,0.41388101853774756
butler_1900,raging,2.0,14.0,0.26072357410090863,0.3824754343712583
butler_1900,knowing,4.0,28.0,0.17398027118418025,0.3447488989003376
butler_1900,splendid,5.0,35.0,0.1553293342896893,0.34075514084565467
butler_1900,green,3.0,22.0,0.1589822807162138,0.27811942781879123
butler_1900,holy,4.0,29.0,0.13976956174562183,0.2776500745093041
butler_1900,boastful,0.0,2.0,0.4054470171181146,0.26245850348867067
butler_1900,dazzling,0.0,2.0,0.4054470171181146,0.26245850348867067
butler_1900,deceitful,0.0,2.0,0.4054470171181146,0.26245850348867067
butler_1900,despairing,0.0,2.0,0.4054470171181146,0.26245850348867067
butler_1900,hopeful,0.0,2.0,0.4054470171181146,0.26245850348867067
butler_1900,sagacious,0.0,2.0,0.4054470171181146,0.26245850348867067
butler_1900,terrified,0.0,2.0,0.4054470171181146,0.26245850348867067
butler_1900,treacherous,0.0,2.0,0.4054470171181146,0.26245850348867067
butler_1900,glowing,1.0,9.0,0.17303676796285306,0.1978982783132139
butler_1900,subtle,1.0,9.0,0.17303676796285306,0.1978982783132139
butler_1900,glittering,2.0,16.0,0.13264798651338072,0.1964729941786484
butler_1900,happy,7.0,53.0,0.05625697213824665,0.1451285752261823
butler_1900,tall,7.0,54.0,0.0378654139343757,0.09780378748331586
butler_1900,endless,1.0,10.0,0.07395219777803508,0.08517677337756324
butler_1900,brown,0.0,3.0,0.07204756606398366,0.047864011961286944
butler_1900,senseless,0.0,3.0,0.07204756606398366,0.047864011961286944
butler_1900,strong,19.0,147.0,-0.0018669591590025902,-0.007796475815007832
butler_1900,dim,1.0,11.0,-0.016023300868429402,-0.018566246002226595
butler_1900,silver,12.0,95.0,-0.011845227163202132,-0.039629061374937394
butler_1900,lawless,3.0,27.0,-0.039798962871667065,-0.07057107318258872
butler_1900,fair-haired,1.0,12.0,-0.09841089349098997,-0.11461948760496106
butler_1900,courageous,0.0,4.0,-0.1761630046512499,-0.1188783324126322
butler_1900,dark-haired,0.0,4.0,-0.1761630046512499,-0.1188783324126322
butler_1900,greedy,0.0,4.0,-0.1761630046512499,-0.1188783324126322
butler_1900,vermilion,0.0,4.0,-0.1761630046512499,-0.1188783324126322
butler_1900,wrathful,0.0,4.0,-0.1761630046512499,-0.1188783324126322
butler_1900,crafty,3.0,29.0,-0.1092521459343132,-0.1945587607810468
butler_1900,violet,0.0,5.0,-0.37372142916440154,-0.25492176164613317
butler_1900,ashen,1.0,14.0,-0.2448487466133633,-0.2876115174421279
butler_1900,honest,1.0,15.0,-0.31055167590687205,-0.36609184600141265
butler_1900,aged,3.0,32.0,-0.20497935849706828,-0.3670825587026069
butler_1900,crimson,0.0,6.0,-0.5376635019639986,-0.3697091082535613
butler_1900,gleaming,0.0,6.0,-0.5376635019639986,-0.3697091082535613
butler_1900,murky,0.0,6.0,-0.5376635019639986,-0.3697091082535613
butler_1900,queenly,0.0,6.0,-0.5376635019639986,-0.3697091082535613
butler_1900,reckless,0.0,6.0,-0.5376635019639986,-0.3697091082535613
butler_1900,servile,0.0,6.0,-0.5376635019639986,-0.3697091082535613
butler_1900,unwise,0.0,6.0,-0.5376635019639986,-0.3697091082535613
butler_1900,bitter,6.0,57.0,-0.1572310940642483,-0.3826998077322605
butler_1900,white,10.0,91.0,-0.14269785091328924,-0.44107737923814405
butler_1900,ruthless,0.0,7.0,-0.6776566041899486,-0.4689501151082519
butler_1900,red,3.0,34.0,-0.26395253321210976,-0.4742469844325793
butler_1900,joyful,1.0,17.0,-0.42994039133587414,-0.509948628906313
butler_1900,peaceful,1.0,17.0,-0.42994039133587414,-0.509948628906313
butler_1900,helpless,0.0,8.0,-0.7997183687718667,-0.5563469807998244
butler_1900,immense,0.0,8.0,-0.7997183687718667,-0.5563469807998244
butler_1900,trusty,0.0,8.0,-0.7997183687718667,-0.5563469807998244
butler_1900,blameless,1.0,18.0,-0.4845264059434715,-0.5762287437770807
butler_1900,dusky,0.0,9.0,-0.9078501726310915,-0.6344314806732653
butler_1900,thoughtful,0.0,9.0,-0.9078501726310915,-0.6344314806732653
butler_1900,friendly,3.0,38.0,-0.37216426578664397,-0.6725076525846023
butler_1900,huge,6.0,65.0,-0.2862281832462479,-0.701728244179896
butler_1900,heroic,0.0,10.0,-1.0048480555602586,-0.7050087980816483
butler_1900,kingly,0.0,11.0,-1.0927429537327056,-0.7694099664305761
butler_1900,unjust,1.0,22.0,-0.6763494576527478,-0.8114943825573483
butler_1900,princely,0.0,12.0,-1.1730566573303642,-0.8286438035663735
butler_1900,shrewd,0.0,12.0,-1.1730566573303642,-0.8286438035663735
butler_1900,cheerful,0.0,13.0,-1.2469589458448072,-0.8834926913253387
butler_1900,dauntless,0.0,13.0,-1.2469589458448072,-0.8834926913253387
butler_1900,free,10.0,107.0,-0.30284671162626964,-0.9444977701670739
butler_1900,mournful,0.0,15.0,-1.3790196407565647,-0.982389236884523
butler_1900,ruddy,0.0,15.0,-1.3790196407565647,-0.982389236884523
butler_1900,violent,0.0,15.0,-1.3790196407565647,-0.982389236884523
butler_1900,youthful,0.0,15.0,-1.3790196407565647,-0.982389236884523
butler_1900,shameless,2.0,36.0,-0.6501603288642501,-1.0060895405320127
butler_1900,warlike,0.0,16.0,-1.4385092108803716,-1.0273402985769837
butler_1900,stubborn,0.0,17.0,-1.49432830759124,-1.0697638947733368
butler_1900,guileful,0.0,18.0,-1.5468861378795697,-1.1099402563172853
butler_1900,virtuous,0.0,18.0,-1.5468861378795697,-1.1099402563172853
butler_1900,vast,1.0,29.0,-0.9404110511748884,-1.1409999570837497
butler_1900,wine-dark,0.0,19.0,-1.5965272202170562,-1.1481058779896285
butler_1900,impious,0.0,20.0,-1.6435443379742916,-1.184462130322832
butler_1900,radiant,0.0,20.0,-1.6435443379742916,-1.184462130322832
butler_1900,fierce,5.0,70.0,-0.5236017775450525,-1.194969046548944
butler_1900,wanton,0.0,22.0,-1.7306760837876451,-1.252414494609593
butler_1900,pious,0.0,23.0,-1.7711957517528854,-1.284290100863639
butler_1900,woeful,0.0,23.0,-1.7711957517528854,-1.284290100863639
butler_1900,faithful,3.0,54.0,-0.7138112994618551,-1.310711015092022
butler_1900,purple,4.0,64.0,-0.6330841714644064,-1.313472199851519
butler_1900,righteous,0.0,24.0,-1.809912215472088,-1.3149225482534825
butler_1900,boundless,0.0,27.0,-1.9166112457057274,-1.400307484120181
butler_1900,generous,0.0,27.0,-1.9166112457057274,-1.400307484120181
butler_1900,patient,1.0,39.0,-1.2226894901377081,-1.5005260508311407
butler_1900,base,1.0,41.0,-1.2701696447117765,-1.5618035558303294
butler_1900,enduring,0.0,34.0,-2.1231329084200903,-1.5703263330359076
butler_1900,sad,6.0,93.0,-0.637762294091778,-1.5905936895966644
butler_1900,brazen,0.0,35.0,-2.148848376692004,-1.592011599952879
butler_1900,lordly,2.0,54.0,-1.041214455923157,-1.637885962680587
butler_1900,prudent,0.0,41.0,-2.2880417251533114,-1.7117645311301815
butler_1900,rosy,0.0,47.0,-2.406411899531851,-1.8172512248431798
butler_1900,shining,1.0,53.0,-1.5127759975977382,-1.8791067188786814
butler_1900,sable,0.0,51.0,-2.476315707944221,-1.8814113411455173
butler_1900,high,27.0,303.0,-0.38294817788622604,-1.940383940385848
butler_1900,gray-eyed,1.0,62.0,-1.6598276701822376,-2.075406900177435
butler_1900,hospitable,1.0,62.0,-1.6598276701822376,-2.075406900177435
butler_1900,ancient,1.0,63.0,-1.6747693517227704,-2.0955476237996145
butler_1900,steadfast,0.0,75.0,-2.7957420782637765,-2.1979930629989344
butler_1900,bold,1.0,75.0,-1.836764275283847,-2.316552021757939
butler_1900,gentle,0.0,94.0,-2.973105154262285,-2.3968260199319062
butler_1900,evil,15.0,224.0,-0.6502692358027478,-2.505319155743129
butler_1900,black,11.0,192.0,-0.7911988887524632,-2.6418527911068885
butler_1900,godlike,0.0,144.0,-3.284203299458281,-2.811404288146436
butler_1900,mighty,13.0,238.0,-0.846538381472373,-3.069414288335416
butler_1900,royal,1.0,135.0,-2.3682778422448925,-3.0894739287845705
butler_1900,fair,43.0,553.0,-0.5350383416023745,-3.4332597760908783
butler_1900,sacred,3.0,170.0,-1.8133994551602974,-3.4891498125813705
butler_1900,wide,3.0,170.0,-1.8133994551602974,-3.4891498125813705
butler_1900,bright,1.0,180.0,-2.6172354446656625,-3.491449981312613
butler_1900,divine,7.0,260.0,-1.5020282189076828,-4.169090940053914
butler_1900,deep,22.0,467.0,-1.019169166374772,-4.801854861402695
butler_1900,wise,12.0,599.0,-1.8332435014721806,-6.662177930052342
chapman_1616,free,64.0,53.0,1.862117283317755,10.086518341541089
chapman_1616,sacred,60.0,113.0,1.0408089733951673,6.55125406066313
chapman_1616,good,134.0,414.0,0.5563726280401151,5.62226800712717
chapman_1616,divine,76.0,191.0,0.7543583952037434,5.5905426496706765
chapman_1616,sad,36.0,63.0,1.1083365542345418,5.34589631016324
chapman_1616,huge,27.0,44.0,1.1776937377602108,4.8640433026514565
chapman_1616,aged,17.0,18.0,1.5993811454616331,4.803957060072444
chapman_1616,knowing,15.0,17.0,1.5328724186194993,4.401793193233307
chapman_1616,kind,41.0,100.0,0.7779503403382981,4.225867980676937
chapman_1616,pious,11.0,12.0,1.5691676088863327,3.8463833980405453
chapman_1616,cheerful,8.0,5.0,2.085387480484404,3.8171428396710834
chapman_1616,violent,8.0,7.0,1.7760191566199754,3.5505915803356785
chapman_1616,fair,125.0,471.0,0.34879334158737096,3.4839381092071426
chapman_1616,unjust,10.0,13.0,1.4011621190267816,3.4107388203873388
chapman_1616,bitter,20.0,43.0,0.9042044023735816,3.3822557915793117
chapman_1616,little,25.0,60.0,0.7939842079896797,3.370487565493922
chapman_1616,impious,9.0,11.0,1.4609075590209821,3.337448108249235
chapman_1616,high,74.0,256.0,0.4298374449020952,3.2759301837943853
chapman_1616,endless,6.0,5.0,1.8169660914412358,3.140915544947823
chapman_1616,false,8.0,10.0,1.4403016055805526,3.126587568891344
chapman_1616,ruddy,7.0,8.0,1.525856598834384,3.0504702454514416
chapman_1616,vast,11.0,19.0,1.1252921174615222,3.032060983514565
chapman_1616,honest,7.0,9.0,1.4148840505472347,2.9012018538540336
chapman_1616,just,39.0,124.0,0.5123639500811557,2.8136196780879903
chapman_1616,bold,21.0,55.0,0.7084383041003868,2.7955321651960934
chapman_1616,cruel,19.0,48.0,0.7450933842185563,2.78520354528562
chapman_1616,weak,6.0,9.0,1.2717314165599758,2.502477293329056
chapman_1616,small,10.0,21.0,0.9366972106337892,2.492942914451002
chapman_1616,strong,37.0,129.0,0.42003669579925784,2.2719643229861424
chapman_1616,foolish,8.0,17.0,0.9306116611152069,2.2303906822450505
chapman_1616,unwise,3.0,3.0,1.6490826593354138,2.1846005705845912
chapman_1616,great,137.0,613.0,0.17006424633555106,1.8093096843546306
chapman_1616,young,44.0,176.0,0.2814509958260225,1.6836445768765858
chapman_1616,stubborn,5.0,12.0,0.83107959810655,1.6276246400937908
chapman_1616,sable,12.0,39.0,0.5041627798418311,1.5578820890975653
chapman_1616,unhappy,13.0,44.0,0.4622085659282815,1.4918602038350615
chapman_1616,deceitful,1.0,1.0,1.6482597592163328,1.4289970816440727
chapman_1616,hopeful,1.0,1.0,1.6482597592163328,1.4289970816440727
chapman_1616,guiltless,3.0,7.0,0.8890490094910186,1.376062716340644
chapman_1616,servile,2.0,4.0,1.0624371888549318,1.349116075017553
chapman_1616,gold,30.0,125.0,0.24271771154780453,1.2065588506556353
chapman_1616,blue,6.0,20.0,0.504804880275687,1.1245101418851617
chapman_1616,hospitable,13.0,50.0,0.3359194904086271,1.099915653331637
chapman_1616,yellow,3.0,10.0,0.5538421527241217,0.8996036467004382
chapman_1616,old,101.0,484.0,0.09683334487591155,0.8906793336288694
chapman_1616,low,9.0,36.0,0.30864099777336573,0.8501753303351934
chapman_1616,vermilion,1.0,3.0,0.8032631281534712,0.8245915228509989
chapman_1616,patient,8.0,32.0,0.31331949885183974,0.8159478096406418
chapman_1616,green,5.0,20.0,0.3382111313408993,0.706519983513116
chapman_1616,base,8.0,34.0,0.25381111793835753,0.6651029341276088
chapman_1616,lovely,9.0,39.0,0.22990423234610713,0.6384682974427971
chapman_1616,royal,24.0,112.0,0.13200837315352842,0.5944224815340488
chapman_1616,violet,1.0,4.0,0.5529934464669033,0.5878739737170027
chapman_1616,white,18.0,83.0,0.14882046629930912,0.5813746172461737
chapman_1616,raging,3.0,13.0,0.30372168984943393,0.5079590017997532
chapman_1616,kingly,2.0,9.0,0.31829222169146654,0.4491492049018146
chapman_1616,fearful,1.0,5.0,0.35334737645475567,0.38466267410723015
chapman_1616,brilliant,0.0,1.0,0.5513247557822627,0.33807774961367437
chapman_1616,copper,0.0,1.0,0.5513247557822627,0.33807774961367437
chapman_1616,formidable,0.0,1.0,0.5513247557822627,0.33807774961367437
chapman_1616,merciless,0.0,1.0,0.5513247557822627,0.33807774961367437
chapman_1616,sun-bright,0.0,1.0,0.5513247557822627,0.33807774961367437
chapman_1616,tireless,0.0,1.0,0.5513247557822627,0.33807774961367437
chapman_1616,friendly,7.0,34.0,0.1290414756582683,0.32152460488316553
chapman_1616,silver,18.0,89.0,0.0793927275106947,0.31213311674135796
chapman_1616,dim,2.0,10.0,0.218788479816725,0.31194106023329665
chapman_1616,narrow,2.0,10.0,0.218788479816725,0.31194106023329665
chapman_1616,shrewd,2.0,10.0,0.218788479816725,0.31194106023329665
chapman_1616,angry,15.0,76.0,0.05929547898858978,0.21376060625309173
chapman_1616,ruthless,1.0,6.0,0.18730653295345867,0.20745737817876972
chapman_1616,blameless,3.0,16.0,0.10421138422143628,0.17776143335708483
chapman_1616,helpless,1.0,7.0,0.04521162500691389,0.05073948887616623
chapman_1616,immense,1.0,7.0,0.04521162500691389,0.05073948887616623
chapman_1616,boastful,0.0,2.0,0.04345246609628539,0.028128136952604393
chapman_1616,chieftain,0.0,2.0,0.04345246609628539,0.028128136952604393
chapman_1616,dazzling,0.0,2.0,0.04345246609628539,0.028128136952604393
chapman_1616,despairing,0.0,2.0,0.04345246609628539,0.028128136952604393
chapman_1616,sagacious,0.0,2.0,0.04345246609628539,0.028128136952604393
chapman_1616,terrified,0.0,2.0,0.04345246609628539,0.028128136952604393
chapman_1616,treacherous,0.0,2.0,0.04345246609628539,0.028128136952604393
chapman_1616,wily,0.0,2.0,0.04345246609628539,0.028128136952604393
chapman_1616,mournful,2.0,13.0,-0.030811315949245355,-0.044941229977158034
chapman_1616,feeble,1.0,8.0,-0.07895072705209305,-0.08953175332956702
chapman_1616,long,99.0,531.0,-0.020558605794636975,-0.18906022823509616
chapman_1616,brown,0.0,3.0,-0.28995208515996485,-0.1926264942797887
chapman_1616,clever,0.0,3.0,-0.28995208515996485,-0.1926264942797887
chapman_1616,senseless,0.0,3.0,-0.28995208515996485,-0.1926264942797887
chapman_1616,glowing,1.0,9.0,-0.189179464043975,-0.2163603184876658
chapman_1616,subtle,1.0,9.0,-0.189179464043975,-0.2163603184876658
chapman_1616,red,5.0,32.0,-0.12008663453031687,-0.2617124823633857
chapman_1616,afraid,2.0,16.0,-0.2297902003698553,-0.34035623069953513
chapman_1616,joyful,2.0,16.0,-0.2297902003698553,-0.34035623069953513
chapman_1616,bright,27.0,154.0,-0.07056359835284187,-0.3425467050947979
chapman_1616,courageous,0.0,4.0,-0.538167756993114,-0.3631664073636936
chapman_1616,dark-haired,0.0,4.0,-0.538167756993114,-0.3631664073636936
chapman_1616,greedy,0.0,4.0,-0.538167756993114,-0.3631664073636936
chapman_1616,wrathful,0.0,4.0,-0.538167756993114,-0.3631664073636936
chapman_1616,crafty,4.0,28.0,-0.18889239710251626,-0.3742978756643018
chapman_1616,holy,4.0,29.0,-0.22310823211597874,-0.44320105534409054
chapman_1616,handsome,0.0,5.0,-0.7357312835402352,-0.5018548583569227
chapman_1616,purple,9.0,59.0,-0.178177446304411,-0.5126158461315323
chapman_1616,captain,0.0,6.0,-0.8996784592901204,-0.6186384600853196
chapman_1616,crimson,0.0,6.0,-0.8996784592901204,-0.6186384600853196
chapman_1616,gleaming,0.0,6.0,-0.8996784592901204,-0.6186384600853196
chapman_1616,intelligent,0.0,6.0,-0.8996784592901204,-0.6186384600853196
chapman_1616,melancholy,0.0,6.0,-0.8996784592901204,-0.6186384600853196
chapman_1616,murky,0.0,6.0,-0.8996784592901204,-0.6186384600853196
chapman_1616,queenly,0.0,6.0,-0.8996784592901204,-0.6186384600853196
chapman_1616,reckless,0.0,6.0,-0.8996784592901204,-0.6186384600853196
chapman_1616,cunning,4.0,32.0,-0.31915039268764467,-0.6382327389240595
chapman_1616,weary,3.0,26.0,-0.36580991588529965,-0.6471258061968191
chapman_1616,wanton,2.0,20.0,-0.4446200721679503,-0.6680201611547829
chapman_1616,mighty,36.0,215.0,-0.12109051019620853,-0.6798680307568806
chapman_1616,ashen,1.0,14.0,-0.6070905227307879,-0.7131187268973624
chapman_1616,grieving,0.0,7.0,-1.039676665382939,-0.719474271913138
chapman_1616,loyal,0.0,7.0,-1.039676665382939,-0.719474271913138
chapman_1616,insolent,3.0,28.0,-0.4378272474102838,-0.7780693568528979
chapman_1616,keen,3.0,28.0,-0.4378272474102838,-0.7780693568528979
chapman_1616,powerful,0.0,8.0,-1.1617435347485685,-0.808200153028446
chapman_1616,sorrowful,0.0,8.0,-1.1617435347485685,-0.808200153028446
chapman_1616,trusty,0.0,8.0,-1.1617435347485685,-0.808200153028446
chapman_1616,black,28.0,175.0,-0.16294154434501174,-0.8109741824144061
chapman_1616,brave,19.0,124.0,-0.19835179249639,-0.8187643722839495
chapman_1616,fierce,9.0,66.0,-0.28886572129777743,-0.8376424912983093
chapman_1616,distressed,0.0,9.0,-1.2698804443086082,-0.8874285150222846
chapman_1616,dusky,0.0,9.0,-1.2698804443086082,-0.8874285150222846
chapman_1616,thoughtful,0.0,9.0,-1.2698804443086082,-0.8874285150222846
chapman_1616,wicked,3.0,30.0,-0.5049101388591701,-0.9009280002468069
chapman_1616,peaceful,1.0,17.0,-0.7921975049417576,-0.9396186997291394
chapman_1616,virtuous,1.0,17.0,-0.7921975049417576,-0.9396186997291394
chapman_1616,heroic,0.0,10.0,-1.3668834338559597,-0.9590154864590047
chapman_1616,boundless,2.0,25.0,-0.660102827460622,-1.004110691670168
chapman_1616,brazen,3.0,32.0,-0.5676858932090267,-1.016627194789103
chapman_1616,gray,6.0,52.0,-0.4304270505298078,-1.0419887305432458
chapman_1616,princely,0.0,12.0,-1.535102251615588,-1.0843917560955463
chapman_1616,golden,23.0,157.0,-0.2475370776076593,-1.1256131300800358
chapman_1616,happy,6.0,54.0,-0.46750520998127065,-1.134321018538125
chapman_1616,dauntless,0.0,13.0,-1.6090096495018944,-1.1400120832717378
chapman_1616,fair-haired,0.0,13.0,-1.6090096495018944,-1.1400120832717378
chapman_1616,shameless,3.0,35.0,-0.6548754411114821,-1.1784211028857583
chapman_1616,valiant,3.0,35.0,-0.6548754411114821,-1.1784211028857583
chapman_1616,youthful,0.0,15.0,-1.741080565912899,-1.2403150455226783
chapman_1616,woeful,1.0,22.0,-1.0386321521323802,-1.246166678278923
chapman_1616,gray-eyed,6.0,57.0,-0.5206267564481459,-1.2672032893923653
chapman_1616,warlike,0.0,16.0,-1.8005752481646153,-1.2859170445823405
chapman_1616,righteous,1.0,23.0,-1.08114530090561,-1.2995919872642656
chapman_1616,comely,1.0,24.0,-1.1218473088330558,-1.3508879348949663
chapman_1616,glittering,0.0,18.0,-1.9089624021775222,-1.3697415511638247
chapman_1616,guileful,0.0,18.0,-1.9089624021775222,-1.3697415511638247
chapman_1616,wine-dark,0.0,19.0,-1.9586085994013356,-1.4084883847755416
chapman_1616,radiant,0.0,20.0,-2.005630832964896,-1.4454089945530366
chapman_1616,able,3.0,42.0,-0.8322866361483046,-1.5112671213671187
chapman_1616,lawless,1.0,29.0,-1.3027295975584305,-1.5806007522443195
chapman_1616,rosy,3.0,44.0,-0.8775433578385199,-1.5969034489053513
chapman_1616,savage,1.0,30.0,-1.3351026801926036,-1.6220212085987267
chapman_1616,generous,0.0,27.0,-2.278733577122739,-1.6648799747525072
chapman_1616,furious,0.0,30.0,-2.3735570826206374,-1.7435156965010685
chapman_1616,anxious,0.0,31.0,-2.4029300726756206,-1.7681796654547703
chapman_1616,dark,18.0,150.0,-0.44083509150038314,-1.8013240712953429
chapman_1616,enduring,0.0,34.0,-2.485291121446979,-1.838188310204614
chapman_1616,splendid,0.0,40.0,-2.628645978416838,-1.9634465133960552
chapman_1616,prudent,1.0,40.0,-1.6091089025757288,-1.9766792809724292
chapman_1616,wise,80.0,531.0,-0.2404713797332052,-2.0217449437486428
chapman_1616,shining,0.0,54.0,-2.8870676195573504,-2.203303872872372
chapman_1616,ancient,3.0,61.0,-1.1949468538614596,-2.2052571228997495
chapman_1616,lordly,0.0,56.0,-2.917738201507891,-2.233272437080163
chapman_1616,rosy-fingered,0.0,57.0,-2.93260940439081,-2.247937640823354
chapman_1616,tall,2.0,59.0,-1.4889433372496477,-2.3502203676487934
chapman_1616,gentle,6.0,88.0,-0.9471349623383869,-2.356405516299311
chapman_1616,faithful,1.0,56.0,-1.9269714631418964,-2.3990451974517693
chapman_1616,steadfast,0.0,75.0,-3.1581113671560166,-2.4828852887237183
chapman_1616,beautiful,0.0,90.0,-3.30202197562536,-2.648285032442185
chapman_1616,bronze,0.0,111.0,-3.4608784643263366,-2.8500970099761234
chapman_1616,glad,9.0,137.0,-1.010086196873747,-3.046474448182845
chapman_1616,godlike,0.0,144.0,-3.6469313712747953,-3.121913462990833
chapman_1616,evil,0.0,239.0,-3.969435108939809,-3.743214847690142
chapman_1616,wide,6.0,167.0,-1.5735114200923892,-4.018008717734
chapman_1616,noble,10.0,222.0,-1.388433501257781,-4.472089995907693
chapman_1616,deep,29.0,460.0,-1.1057486398244278,-5.896377235281801
cowper_1791,deep,159.0,330.0,1.1220952830550397,11.662855795681892
cowper_1791,noble,79.0,153.0,1.1606157508669832,8.41619763947113
cowper_1791,prudent,23.0,18.0,2.0347128890386985,6.557125173344986
cowper_1791,splendid,22.0,18.0,1.990792607463849,6.353592765667203
cowper_1791,sable,25.0,26.0,1.7583090687726113,6.3487116861211685
cowper_1791,ancient,28.0,36.0,1.5508360043477598,6.214423031056024
cowper_1791,brave,47.0,96.0,1.0964774665252364,6.198987105848658
cowper_1791,rosy,21.0,26.0,1.5859232119289564,5.47288513345968
cowper_1791,brazen,17.0,18.0,1.7374003000469704,5.218516212515176
cowper_1791,dusky,7.0,2.0,2.8832537700342016,3.9577676218336904
cowper_1791,virtuous,9.0,9.0,1.789050138770035,3.9052072192927527
cowper_1791,immense,7.0,1.0,3.3911292329606484,3.8057504893296
cowper_1791,princely,7.0,5.0,2.09748582493022,3.7422138832422776
cowper_1791,shrewd,7.0,5.0,2.09748582493022,3.7422138832422776
cowper_1791,anxious,12.0,19.0,1.3465938367113717,3.7230000079018546
cowper_1791,long,120.0,510.0,0.3688878085729379,3.655581954256845
cowper_1791,dauntless,7.0,6.0,1.9308529052731798,3.608615779231984
cowper_1791,bright,42.0,139.0,0.6120204618924765,3.503318165998132
cowper_1791,joyful,8.0,10.0,1.577733404425956,3.4249226899351166
cowper_1791,ruthless,5.0,2.0,2.573380493274647,3.38015771274643
cowper_1791,warlike,7.0,9.0,1.5522506970083079,3.182870425364497
cowper_1791,royal,32.0,104.0,0.6300363483116946,3.145931866133019
cowper_1791,huge,19.0,52.0,0.8040562814241436,3.0394254139270034
cowper_1791,crimson,6.0,0.0,4.335130585011036,2.980929999698003
cowper_1791,heroic,5.0,5.0,1.7871388586585457,2.968056670743591
cowper_1791,subtle,5.0,5.0,1.7871388586585457,2.968056670743591
cowper_1791,mournful,6.0,9.0,1.4090351052958336,2.7726596281189275
cowper_1791,golden,38.0,142.0,0.4900090380887798,2.706485103791932
cowper_1791,courageous,4.0,0.0,3.972669779711537,2.6808373277528315
cowper_1791,radiant,7.0,13.0,1.201677842575858,2.643470305824654
cowper_1791,lovely,13.0,35.0,0.8256374111464977,2.5883377722564287
cowper_1791,wide,36.0,137.0,0.4718091989822306,2.542223820570248
cowper_1791,patient,11.0,29.0,0.8497266641381644,2.450036711937972
cowper_1791,keen,9.0,22.0,0.9286771942120149,2.4054955096012645
cowper_1791,intelligent,3.0,3.0,1.786185135835697,2.3662252736857594
cowper_1791,godlike,30.0,114.0,0.4739624186302125,2.3336240876956085
cowper_1791,base,11.0,31.0,0.784260225604668,2.2819615671494318
cowper_1791,despairing,2.0,0.0,3.3901007235300504,2.194517964142161
cowper_1791,terrified,2.0,0.0,3.3901007235300504,2.194517964142161
cowper_1791,weary,8.0,21.0,0.8627259435597043,2.1342560402264112
cowper_1791,blue,7.0,19.0,0.8349334911148043,1.9477809827367247
cowper_1791,shameless,9.0,29.0,0.6584868988997723,1.7700058835922388
cowper_1791,merciless,1.0,0.0,2.8817544925851593,1.7671201294234187
cowper_1791,sun-bright,1.0,0.0,2.8817544925851593,1.7671201294234187
cowper_1791,woeful,6.0,17.0,0.7998121353552232,1.7454291691268111
cowper_1791,divine,47.0,220.0,0.2628865588276623,1.6499460328864963
cowper_1791,glowing,3.0,7.0,1.0261599825286458,1.588281948333582
cowper_1791,dazzling,1.0,1.0,1.7852326871738091,1.5477489429456792
cowper_1791,sagacious,1.0,1.0,1.7852326871738091,1.5477489429456792
cowper_1791,wily,1.0,1.0,1.7852326871738091,1.5477489429456792
cowper_1791,violent,4.0,11.0,0.8510480535039653,1.5340232810506333
cowper_1791,gentle,18.0,76.0,0.3746198287766047,1.451053643112181
cowper_1791,kingly,3.0,8.0,0.9014332261381561,1.4223703863065138
cowper_1791,boundless,6.0,21.0,0.5946803944920394,1.3323482170523464
cowper_1791,valiant,8.0,30.0,0.5140934002269804,1.3295596578731907
cowper_1791,kind,25.0,116.0,0.27590199422148576,1.2668673098757215
cowper_1791,senseless,1.0,2.0,1.2756228381150923,1.2368395072416836
cowper_1791,unjust,5.0,18.0,0.577687542941498,1.1928929994571504
cowper_1791,ashen,3.0,12.0,0.5174111970428497,0.8581199199494537
cowper_1791,ruddy,3.0,12.0,0.5174111970428497,0.8581199199494537
cowper_1791,weak,3.0,12.0,0.5174111970428497,0.8581199199494537
cowper_1791,youthful,3.0,12.0,0.5174111970428497,0.8581199199494537
cowper_1791,sacred,28.0,145.0,0.16471057338823147,0.8075524680565934
cowper_1791,handsome,1.0,4.0,0.6899727432220004,0.7334933549499392
cowper_1791,happy,10.0,50.0,0.2225194167376081,0.6587108759684182
cowper_1791,stubborn,3.0,14.0,0.3697781433987686,0.6230080686521114
cowper_1791,furious,5.0,25.0,0.2582982583859046,0.5515169930220505
cowper_1791,fearful,1.0,5.0,0.49032879692518616,0.5337840289332778
cowper_1791,servile,1.0,5.0,0.49032879692518616,0.5337840289332778
cowper_1791,unwise,1.0,5.0,0.49032879692518616,0.5337840289332778
cowper_1791,bold,12.0,64.0,0.1526052010364669,0.49594510606997183
cowper_1791,faithful,9.0,48.0,0.16294841329048726,0.461229708825658
cowper_1791,green,4.0,21.0,0.22824818836200578,0.44202642320679564
cowper_1791,brilliant,0.0,1.0,0.6882351337902008,0.4220325367155278
cowper_1791,copper,0.0,1.0,0.6882351337902008,0.4220325367155278
cowper_1791,formidable,0.0,1.0,0.6882351337902008,0.4220325367155278
cowper_1791,tireless,0.0,1.0,0.6882351337902008,0.4220325367155278
cowper_1791,low,7.0,38.0,0.15728181599887758,0.39574001718482066
cowper_1791,sad,15.0,84.0,0.09795512943229578,0.35612304341567863
cowper_1791,impious,3.0,17.0,0.18288526524462867,0.3136026379568323
cowper_1791,gold,23.0,132.0,0.06464095852615337,0.2901593006332469
cowper_1791,helpless,1.0,7.0,0.18219729408287755,0.20447390632325296
cowper_1791,sorrowful,1.0,7.0,0.18219729408287755,0.20447390632325296
cowper_1791,hospitable,9.0,54.0,0.04679814497795842,0.13374024318324143
cowper_1791,glad,21.0,125.0,0.029814291069339305,0.12835796022029036
cowper_1791,boastful,0.0,2.0,0.180364966534178,0.11675586994034773
cowper_1791,chieftain,0.0,2.0,0.180364966534178,0.11675586994034773
cowper_1791,deceitful,0.0,2.0,0.180364966534178,0.11675586994034773
cowper_1791,hopeful,0.0,2.0,0.180364966534178,0.11675586994034773
cowper_1791,treacherous,0.0,2.0,0.180364966534178,0.11675586994034773
cowper_1791,little,12.0,73.0,0.022331997555278704,0.07334950342241654
cowper_1791,distressed,1.0,8.0,0.05803706691430044,0.06581523125827843
cowper_1791,lawless,4.0,26.0,0.020538483406480346,0.04047583573110145
cowper_1791,just,23.0,140.0,0.005816357765405122,0.026228100707786063
cowper_1791,savage,4.0,27.0,-0.016228985984255928,-0.03207333120840871
cowper_1791,small,4.0,27.0,-0.016228985984255928,-0.03207333120840871
cowper_1791,righteous,3.0,21.0,-0.0214451723215765,-0.03739030164074093
cowper_1791,guiltless,1.0,9.0,-0.052189544795225196,-0.059688014186341294
cowper_1791,brown,0.0,3.0,-0.15303746190087786,-0.10166876283431245
cowper_1791,clever,0.0,3.0,-0.15303746190087786,-0.10166876283431245
cowper_1791,knowing,4.0,28.0,-0.05167395831054833,-0.10239402495541883
cowper_1791,fierce,10.0,65.0,-0.036595041590964605,-0.11065443656955175
cowper_1791,purple,9.0,59.0,-0.040577868474886536,-0.11674237572655703
cowper_1791,peaceful,2.0,16.0,-0.09272277400120377,-0.1373373355707059
cowper_1791,blameless,2.0,17.0,-0.15100059521347742,-0.22457269642359137
cowper_1791,generous,3.0,24.0,-0.15093583787490417,-0.2656260066852806
cowper_1791,dark-haired,0.0,4.0,-0.40125101052147194,-0.2707722379287749
cowper_1791,greedy,0.0,4.0,-0.40125101052147194,-0.2707722379287749
cowper_1791,vermilion,0.0,4.0,-0.40125101052147194,-0.2707722379287749
cowper_1791,wrathful,0.0,4.0,-0.40125101052147194,-0.2707722379287749
cowper_1791,dim,1.0,11.0,-0.2412555767758544,-0.27954354877370713
cowper_1791,narrow,1.0,11.0,-0.2412555767758544,-0.27954354877370713
cowper_1791,cheerful,1.0,12.0,-0.3236461517614524,-0.3769517252031807
cowper_1791,yellow,1.0,12.0,-0.3236461517614524,-0.3769517252031807
cowper_1791,violet,0.0,5.0,-0.5988124134645689,-0.4084601615627695
cowper_1791,cruel,8.0,59.0,-0.1511737193782956,-0.4146510408739698
cowper_1791,able,5.0,40.0,-0.20121483198420798,-0.4454387635164895
cowper_1791,tall,7.0,54.0,-0.18823939849123583,-0.48620955677207695
cowper_1791,captain,0.0,6.0,-0.7627574652188454,-0.5244886090458274
cowper_1791,gleaming,0.0,6.0,-0.7627574652188454,-0.5244886090458274
cowper_1791,melancholy,0.0,6.0,-0.7627574652188454,-0.5244886090458274
cowper_1791,murky,0.0,6.0,-0.7627574652188454,-0.5244886090458274
cowper_1791,queenly,0.0,6.0,-0.7627574652188454,-0.5244886090458274
cowper_1791,reckless,0.0,6.0,-0.7627574652188454,-0.5244886090458274
cowper_1791,insolent,3.0,28.0,-0.3006715645309086,-0.5343279392095316
cowper_1791,grieving,0.0,7.0,-0.9027535469243553,-0.6247211008156784
cowper_1791,loyal,0.0,7.0,-0.9027535469243553,-0.6247211008156784
cowper_1791,friendly,4.0,37.0,-0.3236766442116288,-0.6531736367753925
cowper_1791,powerful,0.0,8.0,-1.0248182915108641,-0.7129441871218913
cowper_1791,trusty,0.0,8.0,-1.0248182915108641,-0.7129441871218913
cowper_1791,enduring,3.0,31.0,-0.3996398484498229,-0.7144212758562648
cowper_1791,afraid,1.0,17.0,-0.6551905693111397,-0.7771159426413351
cowper_1791,false,1.0,17.0,-0.6551905693111397,-0.7771159426413351
cowper_1791,glittering,1.0,17.0,-0.6551905693111397,-0.7771159426413351
cowper_1791,guileful,1.0,17.0,-0.6551905693111397,-0.7771159426413351
cowper_1791,feeble,0.0,9.0,-1.1329530758998594,-0.7917397816793251
cowper_1791,thoughtful,0.0,9.0,-1.1329530758998594,-0.7917397816793251
cowper_1791,silver,12.0,95.0,-0.23869799679306336,-0.7985813555668234
cowper_1791,red,3.0,34.0,-0.4895008376367951,-0.8794925864186449
cowper_1791,endless,0.0,11.0,-1.3178518196371458,-0.9279111074053337
cowper_1791,unhappy,5.0,52.0,-0.45829733987035404,-1.0304969504714503
cowper_1791,fair-haired,0.0,13.0,-1.4720737764874228,-1.0429905707418479
cowper_1791,foolish,1.0,24.0,-0.9848254632402735,-1.1858911866112158
cowper_1791,honest,0.0,16.0,-1.6636329925750468,-1.1881169772062738
cowper_1791,raging,0.0,16.0,-1.6636329925750468,-1.1881169772062738
cowper_1791,bitter,5.0,58.0,-0.5653081485442408,-1.2784533586541862
cowper_1791,wine-dark,0.0,19.0,-1.821659957701125,-1.3100049148242239
cowper_1791,vast,1.0,29.0,-1.16569709018236,-1.4143393234363142
cowper_1791,wanton,0.0,22.0,-1.955817781802474,-1.4153396823880504
cowper_1791,pious,0.0,23.0,-1.9963404376656326,-1.4475420119489228
cowper_1791,dark,17.0,151.0,-0.36448076804605556,-1.4539223308845808
cowper_1791,comely,0.0,25.0,-2.0721211501541372,-1.50829953676325
cowper_1791,wise,74.0,537.0,-0.18899915146217605,-1.5379821417562827
cowper_1791,aged,1.0,34.0,-1.3174506087249993,-1.608327180114303
cowper_1791,angry,7.0,84.0,-0.6231218982579501,-1.6504507391050047
cowper_1791,crafty,0.0,32.0,-2.294327234806328,-1.69118456905996
cowper_1791,holy,0.0,33.0,-2.321760222593249,-1.714333544374184
cowper_1791,wicked,0.0,33.0,-2.321760222593249,-1.714333544374184
cowper_1791,cunning,0.0,36.0,-2.3989622664484855,-1.780266323141533
cowper_1791,gray,2.0,56.0,-1.3016614100483528,-2.0504688236133535
cowper_1791,rosy-fingered,0.0,57.0,-2.7955795646252612,-2.1428999449529904
cowper_1791,free,8.0,109.0,-0.756314120417283,-2.1463832183042943
cowper_1791,shining,1.0,53.0,-1.7381339871617154,-2.159036935259115
cowper_1791,beautiful,5.0,85.0,-0.9394525745723055,-2.1624638189838
cowper_1791,lordly,1.0,55.0,-1.7729597630094895,-2.205653068372855
cowper_1791,gray-eyed,0.0,63.0,-2.878942365137098,-2.2259458868221613
cowper_1791,young,19.0,201.0,-0.5423967563076784,-2.3064452002687132
cowper_1791,steadfast,0.0,75.0,-3.0210428651681314,-2.375122981582665
cowper_1791,white,4.0,97.0,-1.2634720315461294,-2.666241742999622
cowper_1791,bronze,0.0,111.0,-3.323732248746813,-2.7371545813465685
cowper_1791,strong,10.0,156.0,-0.902212279622046,-2.864437602540966
cowper_1791,fair,57.0,539.0,-0.45845277858472233,-3.3303181216574673
cowper_1791,high,24.0,306.0,-0.7373381963473529,-3.5479423811435256
cowper_1791,mighty,15.0,236.0,-0.9298852871244798,-3.590705786131449
cowper_1791,black,6.0,197.0,-1.5962722950025916,-4.102539988518021
cowper_1791,old,49.0,536.0,-0.6047295128470855,-4.107261387149241
cowper_1791,evil,8.0,231.0,-1.493879466084275,-4.371776098031033
cowper_1791,good,37.0,511.0,-0.8346415330955272,-4.9885449998956455
cowper_1791,great,24.0,726.0,-1.6150294363192241,-8.051395097339404
murray_1919,evil,105.0,134.0,1.2020981690523564,9.258739482783492
murray_1919,beautiful,57.0,33.0,1.9720670356861807,9.090057487472013
murray_1919,wise,202.0,409.0,0.7572287492209688,8.832525656811029
murray_1919,enduring,25.0,9.0,2.40617960294661,6.345734442699827
murray_1919,bronze,47.0,64.0,1.121300907292977,5.87460740426059
murray_1919,black,66.0,137.0,0.7030646418176656,4.71678070850597
murray_1919,gentle,35.0,59.0,0.9069302792594449,4.284352730212544
murray_1919,fair-haired,11.0,2.0,2.93667639125965,4.223760591489008
murray_1919,woeful,13.0,10.0,1.6678184025770086,4.0598392532742125
murray_1919,glad,45.0,101.0,0.622145906584759,3.494772471205234
murray_1919,mighty,69.0,182.0,0.4618019548807415,3.2843113268969915
murray_1919,godlike,43.0,101.0,0.5765396117608184,3.188588607308326
murray_1919,guileful,9.0,9.0,1.4157199248086414,3.090287718073818
murray_1919,insolent,13.0,18.0,1.1024246865132437,3.0849709698604073
murray_1919,comely,11.0,14.0,1.1849886364547366,3.0058250468499654
murray_1919,gray,20.0,38.0,0.7893411631347282,2.8926066576951857
murray_1919,lordly,19.0,37.0,0.7654186785504375,2.746937300638922
murray_1919,trusty,5.0,3.0,1.8652723951843164,2.732342474748401
murray_1919,queenly,6.0,0.0,3.962317126950807,2.7245753640924733
murray_1919,gleaming,4.0,2.0,2.0003701308761723,2.5401327512439917
murray_1919,murky,4.0,2.0,2.0003701308761723,2.5401327512439917
murray_1919,reckless,4.0,2.0,2.0003701308761723,2.5401327512439917
murray_1919,cunning,13.0,23.0,0.8635289710974794,2.5332536743586194
murray_1919,wanton,9.0,13.0,1.0650399107058002,2.519151503102413
murray_1919,great,171.0,579.0,0.21416967330782066,2.4711603570657408
murray_1919,bright,48.0,133.0,0.41094577310117986,2.457322441541903
murray_1919,white,29.0,72.0,0.5218799678108557,2.3952972378988084
murray_1919,tall,19.0,42.0,0.6402613275694291,2.3458310256099644
murray_1919,shameless,13.0,25.0,0.7819585033291103,2.3276997970369258
murray_1919,dark-haired,3.0,1.0,2.2588148939858232,2.3187913748163727
murray_1919,steadfast,22.0,53.0,0.5537220067331585,2.2086934299077825
murray_1919,old,132.0,453.0,0.1974424252542195,2.0054229968256925
murray_1919,wine-dark,7.0,12.0,0.9054089464108559,1.963730923788845
murray_1919,boastful,2.0,0.0,3.0178966740993047,1.9535786707657388
murray_1919,distressed,4.0,5.0,1.21395108034827,1.9126820326414327
murray_1919,boundless,9.0,18.0,0.7505913606806995,1.88415539833562
murray_1919,crafty,10.0,22.0,0.6553416240334178,1.7571023098954708
murray_1919,greedy,2.0,2.0,1.4134918018439873,1.5824071662607517
murray_1919,ashen,5.0,10.0,0.7694377394964587,1.464540137185727
murray_1919,blameless,6.0,13.0,0.6856476677307617,1.4390452680339043
murray_1919,rosy-fingered,15.0,42.0,0.4100515114313126,1.3853846335066557
murray_1919,violet,2.0,3.0,1.0778542417880281,1.3035146609921653
murray_1919,cruel,17.0,50.0,0.359242524296536,1.2984650591617695
murray_1919,dark,39.0,129.0,0.23362196861144824,1.2890499606834156
murray_1919,deceitful,1.0,1.0,1.4131741631684323,1.2251841639224577
murray_1919,treacherous,1.0,1.0,1.4131741631684323,1.2251841639224577
murray_1919,furious,8.0,22.0,0.4441248205255164,1.1057729397063374
murray_1919,strong,37.0,129.0,0.18111956270826646,0.9796696069257095
murray_1919,foolish,6.0,19.0,0.3190275293566813,0.7062443121240882
murray_1919,dim,3.0,9.0,0.41821595031532244,0.6704043166540442
murray_1919,vermilion,1.0,3.0,0.5681688744765605,0.5832550020292382
murray_1919,fair,120.0,476.0,0.04621593479888775,0.45480084288396916
murray_1919,red,8.0,29.0,0.1740127359575565,0.44834281651020536
murray_1919,base,9.0,33.0,0.15820888251313914,0.43172093943608314
murray_1919,weary,6.0,23.0,0.1331182578966308,0.30130363648765474
murray_1919,guiltless,2.0,8.0,0.1937266337275938,0.27000150727023897
murray_1919,gold,31.0,124.0,0.04497146225919568,0.2262552555278769
murray_1919,able,9.0,36.0,0.07268617839658109,0.20021966030090652
murray_1919,brilliant,0.0,1.0,0.316328434812597,0.19397569990942765
murray_1919,copper,0.0,1.0,0.316328434812597,0.19397569990942765
murray_1919,formidable,0.0,1.0,0.316328434812597,0.19397569990942765
murray_1919,merciless,0.0,1.0,0.316328434812597,0.19397569990942765
murray_1919,sun-bright,0.0,1.0,0.316328434812597,0.19397569990942765
murray_1919,tireless,0.0,1.0,0.316328434812597,0.19397569990942765
murray_1919,captain,1.0,5.0,0.11824446180461656,0.12872383922159408
murray_1919,warlike,3.0,13.0,0.06840529579635035,0.11440436074142875
murray_1919,silver,21.0,86.0,0.02695977671479355,0.11226250929641113
murray_1919,knowing,6.0,26.0,0.013465100630876137,0.03086887420899707
murray_1919,narrow,2.0,10.0,-0.016425461043878542,-0.023418855220989125
murray_1919,shrewd,2.0,10.0,-0.016425461043878542,-0.023418855220989125
murray_1919,valiant,7.0,31.0,-0.016129011059705434,-0.039837946529889624
murray_1919,grieving,1.0,6.0,-0.04780071343800163,-0.05294321841612727
murray_1919,loyal,1.0,6.0,-0.04780071343800163,-0.05294321841612727
murray_1919,shining,10.0,44.0,-0.025107142639183344,-0.07344299598800509
murray_1919,chieftain,0.0,2.0,-0.1915481831328929,-0.12399511494343358
murray_1919,dazzling,0.0,2.0,-0.1915481831328929,-0.12399511494343358
murray_1919,despairing,0.0,2.0,-0.1915481831328929,-0.12399511494343358
murray_1919,hopeful,0.0,2.0,-0.1915481831328929,-0.12399511494343358
murray_1919,sagacious,0.0,2.0,-0.1915481831328929,-0.12399511494343358
murray_1919,terrified,0.0,2.0,-0.1915481831328929,-0.12399511494343358
murray_1919,wily,0.0,2.0,-0.1915481831328929,-0.12399511494343358
murray_1919,yellow,2.0,11.0,-0.1068265803321733,-0.15364644925586357
murray_1919,sorrowful,1.0,7.0,-0.18989995396267556,-0.21311834290849263
murray_1919,purple,12.0,56.0,-0.08938535012111437,-0.28706465599476877
murray_1919,bitter,11.0,52.0,-0.09928475499042655,-0.30612085511591425
murray_1919,keen,5.0,26.0,-0.1527852081369181,-0.3273698000578784
murray_1919,small,5.0,26.0,-0.1527852081369181,-0.3273698000578784
murray_1919,brown,0.0,3.0,-0.5249570634844618,-0.34874947952395896
murray_1919,clever,0.0,3.0,-0.5249570634844618,-0.34874947952395896
murray_1919,senseless,0.0,3.0,-0.5249570634844618,-0.34874947952395896
murray_1919,angry,16.0,75.0,-0.10177876769048932,-0.37597765259217597
murray_1919,violent,2.0,13.0,-0.26603826751973525,-0.3880420746398516
murray_1919,weak,2.0,13.0,-0.26603826751973525,-0.3880420746398516
murray_1919,subtle,1.0,9.0,-0.42429971068124406,-0.48526208170184376
murray_1919,holy,5.0,28.0,-0.22513649429762062,-0.4854686062813528
murray_1919,courageous,0.0,4.0,-0.7731770652489818,-0.5217554069224359
murray_1919,wrathful,0.0,4.0,-0.7731770652489818,-0.5217554069224359
murray_1919,stubborn,2.0,15.0,-0.4030675534448305,-0.5943025351136964
murray_1919,kingly,1.0,10.0,-0.523393722942445,-0.6028352079557667
murray_1919,aged,5.0,30.0,-0.2925539760353173,-0.6343961001911008
murray_1919,brazen,5.0,30.0,-0.2925539760353173,-0.6343961001911008
murray_1919,handsome,0.0,5.0,-0.9707449225637772,-0.662161670317644
murray_1919,righteous,3.0,21.0,-0.39393705995092265,-0.686841088435182
murray_1919,savage,4.0,27.0,-0.3889120316770853,-0.7686065176847953
murray_1919,crimson,0.0,6.0,-1.1346964299178923,-0.7802419240120438
murray_1919,fearful,0.0,6.0,-1.1346964299178923,-0.7802419240120438
murray_1919,intelligent,0.0,6.0,-1.1346964299178923,-0.7802419240120438
murray_1919,melancholy,0.0,6.0,-1.1346964299178923,-0.7802419240120438
murray_1919,servile,0.0,6.0,-1.1346964299178923,-0.7802419240120438
murray_1919,unwise,0.0,6.0,-1.1346964299178923,-0.7802419240120438
murray_1919,long,115.0,515.0,-0.08032029149755004,-0.7832081410739189
murray_1919,ruthless,0.0,7.0,-1.2746989684517445,-0.8821137789963297
murray_1919,helpless,0.0,8.0,-1.3967701710954668,-0.9717031618938526
murray_1919,immense,0.0,8.0,-1.3967701710954668,-0.9717031618938526
murray_1919,powerful,0.0,8.0,-1.3967701710954668,-0.9717031618938526
murray_1919,noble,39.0,193.0,-0.17176402078295405,-0.9878619343492755
murray_1919,youthful,1.0,14.0,-0.8422324531989416,-0.9893281352428734
murray_1919,prudent,5.0,36.0,-0.4709377155210914,-1.0351764274992443
murray_1919,wide,28.0,145.0,-0.21244754402925636,-1.0416000320089096
murray_1919,dusky,0.0,9.0,-1.5049114147709064,-1.0516748313085096
murray_1919,feeble,0.0,9.0,-1.5049114147709064,-1.0516748313085096
murray_1919,thoughtful,0.0,9.0,-1.5049114147709064,-1.0516748313085096
murray_1919,honest,1.0,15.0,-0.9079448333511877,-1.0703249278508433
murray_1919,raging,1.0,15.0,-0.9079448333511877,-1.0703249278508433
murray_1919,lovely,6.0,42.0,-0.4563894203795371,-1.0894606795171948
murray_1919,golden,29.0,151.0,-0.21851141611870517,-1.090517888318619
murray_1919,glowing,0.0,10.0,-1.6019187392712144,-1.1239179881463608
murray_1919,heroic,0.0,10.0,-1.6019187392712144,-1.1239179881463608
murray_1919,lawless,3.0,27.0,-0.6378570794686533,-1.1310409967306045
murray_1919,endless,0.0,11.0,-1.6898230807702443,-1.1898193581645173
murray_1919,afraid,1.0,17.0,-1.0273524557722267,-1.2185339800170263
murray_1919,false,1.0,17.0,-1.0273524557722267,-1.2185339800170263
murray_1919,green,2.0,23.0,-0.8148010117639393,-1.2339595536043646
murray_1919,princely,0.0,12.0,-1.7701462294504395,-1.2504261369426684
murray_1919,low,5.0,40.0,-0.5741346999867005,-1.270989063440701
murray_1919,cheerful,0.0,13.0,-1.844057964803886,-1.3065480140412569
murray_1919,dauntless,0.0,13.0,-1.844057964803886,-1.3065480140412569
murray_1919,mournful,0.0,15.0,-1.9761375586651164,-1.407765495762484
murray_1919,ruddy,0.0,15.0,-1.9761375586651164,-1.407765495762484
murray_1919,high,54.0,276.0,-0.20869935988702082,-1.4142208049395357
murray_1919,glittering,0.0,18.0,-2.144032417398715,-1.5384118020361817
murray_1919,joyful,0.0,18.0,-2.144032417398715,-1.5384118020361817
murray_1919,peaceful,0.0,18.0,-2.144032417398715,-1.5384118020361817
murray_1919,virtuous,0.0,18.0,-2.144032417398715,-1.5384118020361817
murray_1919,anxious,2.0,29.0,-1.038907879271596,-1.5920107178089513
murray_1919,impious,0.0,20.0,-2.2407095340307635,-1.6148244539504921
murray_1919,radiant,0.0,20.0,-2.2407095340307635,-1.6148244539504921
murray_1919,huge,8.0,63.0,-0.5893709582440456,-1.6235812030266743
murray_1919,little,10.0,75.0,-0.5519683462722158,-1.685771571073192
murray_1919,wicked,2.0,31.0,-1.1034160452741686,-1.6961531128884084
murray_1919,pious,0.0,23.0,-2.3683893358210666,-1.7173138406501656
murray_1919,unjust,0.0,23.0,-2.3683893358210666,-1.7173138406501656
murray_1919,fierce,8.0,67.0,-0.6500927711220914,-1.7978257592274458
murray_1919,blue,0.0,26.0,-2.479720818299495,-1.808382739931017
murray_1919,generous,0.0,27.0,-2.5138427051285417,-1.8366545442011328
murray_1919,vast,1.0,29.0,-1.5379367054677298,-1.8659773433584048
murray_1919,unhappy,5.0,52.0,-0.8312952906197202,-1.8691953616122523
murray_1919,patient,2.0,38.0,-1.3002924931964381,-2.016778006560033
murray_1919,splendid,0.0,40.0,-2.8638117231351368,-2.1391017234656218
murray_1919,friendly,0.0,41.0,-2.885405970825042,-2.1586737446576088
murray_1919,good,87.0,461.0,-0.2524140029960136,-2.174461910292612
murray_1919,happy,4.0,56.0,-1.101396479623614,-2.2713892768836446
murray_1919,sable,0.0,51.0,-3.0737750134301214,-2.3353384028719364
murray_1919,hospitable,4.0,59.0,-1.15236165655827,-2.382192120112812
murray_1919,rosy,1.0,46.0,-1.9768537058278994,-2.4416688136310203
murray_1919,young,28.0,192.0,-0.49445692528271357,-2.4774472593553445
murray_1919,gray-eyed,0.0,63.0,-3.2512513410575545,-2.513808417039103
murray_1919,ancient,0.0,64.0,-3.26426066909713,-2.5274517566564483
murray_1919,faithful,2.0,55.0,-1.6569029784367126,-2.608251079273934
murray_1919,divine,34.0,233.0,-0.4981556322340541,-2.7465756810203326
murray_1919,bold,3.0,73.0,-1.6044809606124053,-2.982239942109878
murray_1919,free,9.0,108.0,-1.0115672720060136,-3.017571140304792
murray_1919,deep,69.0,420.0,-0.3918369666456174,-3.041456575351647
murray_1919,sacred,15.0,158.0,-0.9055143651320661,-3.4310498170073367
murray_1919,sad,2.0,97.0,-2.1983888018391706,-3.539303300536793
murray_1919,royal,1.0,135.0,-2.9668180159890225,-3.870283607922489
murray_1919,kind,7.0,134.0,-1.455841843079262,-3.93670032667386
murray_1919,brave,2.0,141.0,-2.548557693936094,-4.174593079878092
murray_1919,just,7.0,156.0,-1.6049212294336508,-4.366159779538734
pope_1726,royal,77.0,59.0,1.8674055711813025,10.85224172810706
pope_1726,faithful,41.0,16.0,2.5094728284475063,8.642763371095914
pope_1726,fierce,38.0,37.0,1.613250361722895,7.0427788730156475
pope_1726,friendly,25.0,16.0,2.016673902028309,6.394182937491784
pope_1726,bold,35.0,41.0,1.429513516417364,6.263147607922942
pope_1726,generous,24.0,3.0,3.5187141864792286,6.192445817910869
pope_1726,happy,28.0,32.0,1.4517534735502435,5.66628785654166
pope_1726,sad,38.0,61.0,1.1178444145450879,5.4492014139908775
pope_1726,hospitable,28.0,35.0,1.3634545912814735,5.430068424372982
pope_1726,glittering,15.0,3.0,3.060825219130601,5.190716431528481
pope_1726,sacred,55.0,118.0,0.8314743231496888,5.122722828232039
pope_1726,peaceful,13.0,5.0,2.4728657076904215,4.899327154906707
pope_1726,radiant,13.0,7.0,2.16374764585738,4.75984698100224
pope_1726,rosy,21.0,26.0,1.3714617965620315,4.7327971625958405
pope_1726,youthful,11.0,4.0,2.5121861651174173,4.528242615392426
pope_1726,lawless,15.0,15.0,1.5780746706551332,4.40015175715703
pope_1726,pious,12.0,11.0,1.6601476736605747,4.069396037811169
pope_1726,vast,14.0,16.0,1.4486949214280038,4.031039578035167
pope_1726,raging,9.0,7.0,1.8116367197806804,3.7147381850158796
pope_1726,righteous,11.0,13.0,1.4165153792005212,3.5355714970970076
pope_1726,anxious,13.0,18.0,1.2627542643562926,3.5336293673969705
pope_1726,savage,13.0,18.0,1.2627542643562926,3.5336293673969705
pope_1726,purple,22.0,46.0,0.855004256626164,3.336229003098818
pope_1726,high,78.0,252.0,0.4216387951706104,3.272216036605459
pope_1726,thoughtful,9.0,0.0,4.493527429245163,3.140204569350661
pope_1726,divine,64.0,203.0,0.43884923641523077,3.07992007009076
pope_1726,patient,14.0,26.0,0.9755602709971969,2.9922212987264873
pope_1726,green,10.0,15.0,1.1874683995985826,2.9760015752027216
pope_1726,powerful,5.0,3.0,2.0250864423403474,2.966445928074165
pope_1726,virtuous,8.0,10.0,1.3645609082064567,2.9621706704087813
pope_1726,unhappy,18.0,39.0,0.8213035934132842,2.9213560475884526
pope_1726,mournful,7.0,8.0,1.4501496904091216,2.899118098924174
pope_1726,shining,17.0,37.0,0.8174222888814509,2.8295109155437483
pope_1726,heroic,5.0,5.0,1.5742658441224613,2.614519972823332
pope_1726,stubborn,7.0,10.0,1.2393190309835465,2.5964690598472875
pope_1726,loyal,4.0,3.0,1.8245709642705927,2.5638881222558694
pope_1726,holy,11.0,22.0,0.9065940480571477,2.505912613450629
pope_1726,wrathful,3.0,1.0,2.418505928058859,2.482722555467772
pope_1726,helpless,4.0,4.0,1.5738861729133298,2.364273715913359
pope_1726,honest,6.0,10.0,1.0962146622881486,2.2002455849819316
pope_1726,impious,7.0,13.0,0.9885893247214312,2.174714746303879
pope_1726,feeble,4.0,5.0,1.373712718232598,2.164399930696316
pope_1726,dauntless,5.0,8.0,1.140018782216723,2.086717491282866
pope_1726,servile,3.0,3.0,1.5735067210930795,2.0844823400810903
pope_1726,sable,14.0,37.0,0.6287646798179027,2.0380885523350294
pope_1726,brown,2.0,1.0,2.0827407482319398,2.019418251057487
pope_1726,brave,33.0,110.0,0.3887623941098637,1.97686777306409
pope_1726,glowing,4.0,6.0,1.207084491633502,1.971496212656728
pope_1726,joyful,6.0,12.0,0.922305162242214,1.9108793295031241
pope_1726,bright,40.0,141.0,0.33190060065378013,1.8681588124605846
pope_1726,kind,32.0,109.0,0.36728727113156,1.844183028012107
pope_1726,wide,38.0,135.0,0.3242541494770177,1.7809617919236673
pope_1726,base,11.0,31.0,0.5707325115374342,1.6606600895091248
pope_1726,formidable,1.0,0.0,2.669273690613121,1.6368248168813755
pope_1726,furious,8.0,22.0,0.60417255332196,1.5042565276720994
pope_1726,cheerful,4.0,9.0,0.8286690509800607,1.4509060036763957
pope_1726,ancient,15.0,49.0,0.4182292745280396,1.440964873603531
pope_1726,wanton,6.0,16.0,0.6454604742600232,1.3970181461447722
pope_1726,dazzling,1.0,1.0,1.5727484747499503,1.3635308197091456
pope_1726,hopeful,1.0,1.0,1.5727484747499503,1.3635308197091456
pope_1726,sagacious,1.0,1.0,1.5727484747499503,1.3635308197091456
pope_1726,treacherous,1.0,1.0,1.5727484747499503,1.3635308197091456
pope_1726,just,34.0,129.0,0.2589083799362131,1.355775951441689
pope_1726,deep,94.0,395.0,0.15354557329997798,1.3458482842433643
pope_1726,false,5.0,13.0,0.6787112513545548,1.3446862293253037
pope_1726,boundless,7.0,20.0,0.5719599945625147,1.3435596087095962
pope_1726,intelligent,2.0,4.0,0.9868910150526249,1.2531851733586892
pope_1726,melancholy,2.0,4.0,0.9868910150526249,1.2531851733586892
pope_1726,unwise,2.0,4.0,0.9868910150526249,1.2531851733586892
pope_1726,ruddy,4.0,11.0,0.6382484809212272,1.1504497599133534
pope_1726,kingly,3.0,8.0,0.6887377416346325,1.086758441143355
pope_1726,silver,22.0,85.0,0.24525871519856413,1.0385246702194544
pope_1726,warlike,4.0,12.0,0.5551713940032794,1.012311338404772
pope_1726,red,8.0,29.0,0.3340818517954638,0.8607599757264716
pope_1726,unjust,5.0,18.0,0.3647700931598985,0.7532301775561066
pope_1726,greedy,1.0,3.0,0.7277492663526308,0.7470726026911059
pope_1726,vermilion,1.0,3.0,0.7277492663526308,0.7470726026911059
pope_1726,dusky,2.0,7.0,0.47795049823444735,0.6560702448085718
pope_1726,low,9.0,36.0,0.23283541246480333,0.6413630241415628
pope_1726,splendid,8.0,32.0,0.23755034077776127,0.6186294850696753
pope_1726,gentle,17.0,77.0,0.09163429355914054,0.3475370199593289
pope_1726,endless,2.0,9.0,0.2427395988121841,0.3425352251000388
pope_1726,fearful,1.0,5.0,0.27783093634421974,0.3024536137671522
pope_1726,gleaming,1.0,5.0,0.27783093634421974,0.3024536137671522
pope_1726,murky,1.0,5.0,0.27783093634421974,0.3024536137671522
pope_1726,brilliant,0.0,1.0,0.47584446357269705,0.2917924938497004
pope_1726,copper,0.0,1.0,0.47584446357269705,0.2917924938497004
pope_1726,merciless,0.0,1.0,0.47584446357269705,0.2917924938497004
pope_1726,sun-bright,0.0,1.0,0.47584446357269705,0.2917924938497004
pope_1726,tireless,0.0,1.0,0.47584446357269705,0.2917924938497004
pope_1726,dim,2.0,10.0,0.14323456638960774,0.20421889918088457
pope_1726,narrow,2.0,10.0,0.14323456638960774,0.20421889918088457
pope_1726,godlike,25.0,119.0,0.03522289872983819,0.16211460526877292
pope_1726,aged,6.0,29.0,0.06665309603000846,0.1544113557244108
pope_1726,young,38.0,182.0,0.023890244111415715,0.13524944472938635
pope_1726,prudent,7.0,34.0,0.05330093317132789,0.1328066142330815
pope_1726,ruthless,1.0,6.0,0.11178880332217833,0.12381528653207086
pope_1726,yellow,2.0,11.0,0.052836492374312094,0.07599362835732934
pope_1726,blameless,3.0,16.0,0.028618668192521568,0.04881707998296591
pope_1726,keen,5.0,26.0,0.007098941032367634,0.015210758519936257
pope_1726,boastful,0.0,2.0,-0.0320291146081626,-0.020733445143774617
pope_1726,chieftain,0.0,2.0,-0.0320291146081626,-0.020733445143774617
pope_1726,deceitful,0.0,2.0,-0.0320291146081626,-0.020733445143774617
pope_1726,despairing,0.0,2.0,-0.0320291146081626,-0.020733445143774617
pope_1726,terrified,0.0,2.0,-0.0320291146081626,-0.020733445143774617
pope_1726,wily,0.0,2.0,-0.0320291146081626,-0.020733445143774617
pope_1726,blue,4.0,22.0,-0.029772902054284955,-0.05789136961525207
pope_1726,mighty,42.0,209.0,-0.01567333977797114,-0.09355385003147101
pope_1726,weak,2.0,13.0,-0.10636910248604448,-0.15514943617350754
pope_1726,enduring,5.0,29.0,-0.09952646034298951,-0.21523333255561908
pope_1726,clever,0.0,3.0,-0.36543495460303443,-0.2427727124419235
pope_1726,senseless,0.0,3.0,-0.36543495460303443,-0.2427727124419235
pope_1726,brazen,5.0,30.0,-0.13265760306894236,-0.28766474887176546
pope_1726,weary,4.0,25.0,-0.15411727680410614,-0.30281009064338815
pope_1726,courageous,0.0,4.0,-0.613651915418612,-0.41410463298580336
pope_1726,dark-haired,0.0,4.0,-0.613651915418612,-0.41410463298580336
pope_1726,gold,24.0,131.0,-0.10100081835711983,-0.4610688699035614
pope_1726,princely,1.0,11.0,-0.4537739286623852,-0.5257891902624224
pope_1726,handsome,0.0,5.0,-0.8112167311920446,-0.5533447698053272
pope_1726,violet,0.0,5.0,-0.8112167311920446,-0.5533447698053272
pope_1726,wicked,4.0,29.0,-0.29874885278666063,-0.593459979410601
pope_1726,captain,0.0,6.0,-0.9751651964121963,-0.6705447809801354
pope_1726,crimson,0.0,6.0,-0.9751651964121963,-0.6705447809801354
pope_1726,queenly,0.0,6.0,-0.9751651964121963,-0.6705447809801354
pope_1726,reckless,0.0,6.0,-0.9751651964121963,-0.6705447809801354
pope_1726,golden,27.0,153.0,-0.14055941014550744,-0.6819820487566228
pope_1726,tall,8.0,53.0,-0.2587955415386878,-0.7045269609901076
pope_1726,grieving,0.0,7.0,-1.115164692219305,-0.7717132948272951
pope_1726,strong,24.0,142.0,-0.18167916718174038,-0.8347335789979011
pope_1726,immense,0.0,8.0,-1.2372328515433244,-0.8607164576694172
pope_1726,sorrowful,0.0,8.0,-1.2372328515433244,-0.8607164576694172
pope_1726,trusty,0.0,8.0,-1.2372328515433244,-0.8607164576694172
pope_1726,insolent,3.0,28.0,-0.5134354873355518,-0.9124338920877397
pope_1726,distressed,0.0,9.0,-1.345371051305924,-0.9401834948835842
pope_1726,knowing,3.0,29.0,-0.5475528346732679,-0.9750948145241124
pope_1726,comely,2.0,23.0,-0.6551013494234743,-0.9921055043245386
pope_1726,guiltless,0.0,10.0,-1.4423753313000773,-1.0119811578234241
pope_1726,subtle,0.0,10.0,-1.4423753313000773,-1.0119811578234241
pope_1726,afraid,1.0,17.0,-0.867729435422822,-1.029206477857609
pope_1726,guileful,1.0,17.0,-0.867729435422822,-1.029206477857609
pope_1726,shrewd,0.0,12.0,-1.610596730686325,-1.1377208360632662
pope_1726,free,15.0,102.0,-0.3090952269889762,-1.1403954534587715
pope_1726,huge,8.0,63.0,-0.42919756473336346,-1.1823404067313548
pope_1726,fair-haired,0.0,13.0,-1.6845054197525933,-1.1935021853033492
pope_1726,ashen,0.0,15.0,-1.8165789192571857,-1.29409873905096
pope_1726,violent,0.0,15.0,-1.8165789192571857,-1.29409873905096
pope_1726,small,2.0,29.0,-0.8791898899587052,-1.3472606722213727
pope_1726,wine-dark,0.0,19.0,-2.034112121869488,-1.462785008633181
pope_1726,woeful,0.0,23.0,-2.208806295196556,-1.6016005327693474
pope_1726,cruel,6.0,61.0,-0.6630088289665252,-1.6199117878348739
pope_1726,foolish,0.0,25.0,-2.284593858198951,-1.662958682583458
pope_1726,shameless,2.0,36.0,-1.088288520067569,-1.6840702954511655
pope_1726,valiant,2.0,36.0,-1.088288520067569,-1.6840702954511655
pope_1726,angry,9.0,82.0,-0.5791221904880919,-1.7023298150894688
pope_1726,crafty,1.0,31.0,-1.4419514410871894,-1.7540617262420697
pope_1726,dark,19.0,149.0,-0.45794766180140023,-1.914054331186381
pope_1726,cunning,0.0,36.0,-2.611472698067537,-1.9379699977757139
pope_1726,bitter,4.0,59.0,-0.9924348719649352,-2.051587293160244
pope_1726,lovely,2.0,46.0,-1.3250106930528034,-2.071240443130833
pope_1726,able,0.0,45.0,-2.80666893800063,-2.112991935154591
pope_1726,long,87.0,543.0,-0.2566130490004732,-2.239354662672573
pope_1726,rosy-fingered,0.0,57.0,-3.008162229675378,-2.305851265315399
pope_1726,lordly,2.0,54.0,-1.4794585556554223,-2.3272673433325304
pope_1726,gray-eyed,0.0,63.0,-3.0915457205026744,-2.3903269352694645
pope_1726,gray,1.0,57.0,-2.019166649142236,-2.5156860396478002
pope_1726,great,102.0,648.0,-0.2782945951397955,-2.6320667321549687
pope_1726,white,6.0,95.0,-1.0979985360997553,-2.7409709727809966
pope_1726,black,19.0,184.0,-0.6688555822905351,-2.8307264077435224
pope_1726,steadfast,1.0,74.0,-2.262505919093006,-2.851688660610857
pope_1726,little,3.0,82.0,-1.5568973393099892,-2.9068922662608454
pope_1726,bronze,0.0,111.0,-3.536501967877377,-2.9123743547532945
pope_1726,beautiful,1.0,89.0,-2.432364162443595,-3.0940680142880437
pope_1726,glad,2.0,144.0,-2.4079718270631414,-3.94857224170695
pope_1726,fair,65.0,531.0,-0.5303814025606481,-4.077401798784013
pope_1726,noble,11.0,221.0,-1.3715176317897195,-4.6057710113711074
pope_1726,old,55.0,530.0,-0.6966130257281207,-4.976699177671545
pope_1726,evil,3.0,236.0,-2.5581955860988534,-5.006257053057159
pope_1726,good,40.0,508.0,-0.9695254933248334,-5.999189077737598
pope_1726,wise,48.0,563.0,-0.8952851864632443,-6.039854430988788
