translation_id,target,target_type,event_count,weighted_event_count,corpus_words,events_per_10k_words
butcher_lang_1879,ACHAEANS,group,12,6.53625,136111,0.881633372761937
butcher_lang_1879,ACHILLES,character,13,10.6148,136111,0.9551028204920984
butcher_lang_1879,AEGISTHUS,character,12,8.0815,136111,0.881633372761937
butcher_lang_1879,AGAMEMNON,character,10,5.9501,136111,0.7346944773016142
butcher_lang_1879,AJAX,character,5,4.4088,136111,0.3673472386508071
butcher_lang_1879,ALCINOUS,character,52,37.7894,136111,3.8204112819683935
butcher_lang_1879,ANGER,concept_or_setting,9,7.8486,136111,0.6612250295714527
butcher_lang_1879,ANTINOUS,character,28,13.8812,136111,2.0571445364445196
butcher_lang_1879,ARETE,character,8,5.5322,136111,0.5877555818412913
butcher_lang_1879,ATHENA,character,111,82.37565,136111,8.155108698047917
butcher_lang_1879,BLOOD,concept_or_setting,14,11.8206,136111,1.0285722682222598
butcher_lang_1879,BOW,concept_or_setting,17,12.70425,136111,1.2489806114127442
butcher_lang_1879,CALYPSO,character,10,8.2904,136111,0.7346944773016142
butcher_lang_1879,CIRCE,character,25,15.085099999999999,136111,1.8367361932540354
butcher_lang_1879,CLYTEMNESTRA,character,3,2.7462,136111,0.22040834319048425
butcher_lang_1879,CYCLOPES,group,4,3.4825,136111,0.29387779092064564
butcher_lang_1879,DAWN,concept_or_setting,43,37.3603,136111,3.1591862523969403
butcher_lang_1879,DEATH,concept_or_setting,19,14.048,136111,1.3959195068730668
butcher_lang_1879,DEMODOCUS,character,10,5.97095,136111,0.7346944773016142
butcher_lang_1879,EARTH,concept_or_setting,31,22.1525,136111,2.277552879635004
butcher_lang_1879,EUMAEUS,character,10,6.647499999999999,136111,0.7346944773016142
butcher_lang_1879,EURYCLEIA,character,24,19.26525,136111,1.763266745523874
butcher_lang_1879,EURYMACHUS,character,6,2.7059,136111,0.4408166863809685
butcher_lang_1879,FATE,concept_or_setting,22,18.09325,136111,1.616327850063551
butcher_lang_1879,FIRE,concept_or_setting,15,13.1022,136111,1.1020417159524212
butcher_lang_1879,GENERIC_CAVE,generic,8,6.3461,136111,0.5877555818412913
butcher_lang_1879,GENERIC_CITY,generic,9,6.13115,136111,0.6612250295714527
butcher_lang_1879,GENERIC_DAUGHTER,generic,12,9.4704,136111,0.881633372761937
butcher_lang_1879,GENERIC_FATHER,generic,23,17.36665,136111,1.6897972977937126
butcher_lang_1879,GENERIC_FRIEND,generic,5,1.7115,136111,0.3673472386508071
butcher_lang_1879,GENERIC_GOD,generic,17,9.334150000000001,136111,1.2489806114127442
butcher_lang_1879,GENERIC_GODDESS,generic,41,29.573150000000002,136111,3.012247356936618
butcher_lang_1879,GENERIC_GUEST,generic,5,2.7502500000000003,136111,0.3673472386508071
butcher_lang_1879,GENERIC_HERO,generic,2,1.3731,136111,0.14693889546032282
butcher_lang_1879,GENERIC_HOST,generic,3,2.3890000000000002,136111,0.22040834319048425
butcher_lang_1879,GENERIC_ISLAND,generic,3,2.2925,136111,0.22040834319048425
butcher_lang_1879,GENERIC_KING,generic,8,3.8475,136111,0.5877555818412913
butcher_lang_1879,GENERIC_MAN,generic,115,79.74985,136111,8.448986488968563
butcher_lang_1879,GENERIC_MONSTER,generic,1,0.7701,136111,0.07346944773016141
butcher_lang_1879,GENERIC_MOTHER,generic,6,4.6317,136111,0.4408166863809685
butcher_lang_1879,GENERIC_MOUNTAIN,generic,6,3.55105,136111,0.4408166863809685
butcher_lang_1879,GENERIC_QUEEN,generic,4,3.2228000000000003,136111,0.29387779092064564
butcher_lang_1879,GENERIC_RIVER,generic,3,2.4477,136111,0.22040834319048425
butcher_lang_1879,GENERIC_SHORE,generic,4,3.0845000000000002,136111,0.29387779092064564
butcher_lang_1879,GENERIC_SON,generic,26,19.0123,136111,1.9102056409841968
butcher_lang_1879,GENERIC_STRANGER,generic,12,9.5064,136111,0.881633372761937
butcher_lang_1879,GENERIC_WARRIOR,generic,2,1.7114,136111,0.14693889546032282
butcher_lang_1879,GENERIC_WIFE,generic,14,10.37985,136111,1.0285722682222598
butcher_lang_1879,GENERIC_WOMAN,generic,26,21.104,136111,1.9102056409841968
butcher_lang_1879,GODS,group,18,15.10005,136111,1.3224500591429054
butcher_lang_1879,HELEN,character,18,12.9271,136111,1.3224500591429054
butcher_lang_1879,HERMES,character,20,14.117099999999999,136111,1.4693889546032284
butcher_lang_1879,HOME,concept_or_setting,30,22.11985,136111,2.2040834319048423
butcher_lang_1879,ITHACA,place,13,8.19735,136111,0.9551028204920984
butcher_lang_1879,JOURNEY,concept_or_setting,18,13.08565,136111,1.3224500591429054
butcher_lang_1879,LAERTES,character,22,15.7737,136111,1.616327850063551
butcher_lang_1879,MELANTHIUS,character,4,1.72535,136111,0.29387779092064564
butcher_lang_1879,MELANTHO,character,1,0.9552,136111,0.07346944773016141
butcher_lang_1879,MENELAUS,character,30,20.4652,136111,2.2040834319048423
butcher_lang_1879,MIND,concept_or_setting,115,89.97475,136111,8.448986488968563
butcher_lang_1879,MOON,concept_or_setting,2,1.7194,136111,0.14693889546032282
butcher_lang_1879,MORTALS,group,78,60.95975,136111,5.73061692295259
butcher_lang_1879,NAUSICAA,character,6,4.3183,136111,0.4408166863809685
butcher_lang_1879,NESTOR,character,24,15.1479,136111,1.763266745523874
butcher_lang_1879,NIGHT,concept_or_setting,10,7.551,136111,0.7346944773016142
butcher_lang_1879,ODYSSEUS,character,328,222.7841,136111,24.097978855492943
butcher_lang_1879,ORESTES,character,2,1.4367999999999999,136111,0.14693889546032282
butcher_lang_1879,PALACE,concept_or_setting,65,56.66675,136111,4.775514102460492
butcher_lang_1879,PENELOPE,character,75,56.51235,136111,5.510208579762106
butcher_lang_1879,PHAEACIANS,group,12,10.7628,136111,0.881633372761937
butcher_lang_1879,POLYPHEMUS,character,4,3.8208,136111,0.29387779092064564
butcher_lang_1879,POSEIDON,character,16,7.7848999999999995,136111,1.1755111636825826
butcher_lang_1879,SEA,concept_or_setting,228,177.51165,136111,16.751034082476803
butcher_lang_1879,SHIELD,concept_or_setting,5,4.0238,136111,0.3673472386508071
butcher_lang_1879,SHIP,concept_or_setting,82,62.9975,136111,6.024494713873236
butcher_lang_1879,SKY,concept_or_setting,27,23.06425,136111,1.9836750887143582
butcher_lang_1879,SORROW,concept_or_setting,25,19.978550000000002,136111,1.8367361932540354
butcher_lang_1879,SPEAR,concept_or_setting,28,23.0613,136111,2.0571445364445196
butcher_lang_1879,SPEECH,concept_or_setting,41,25.8365,136111,3.012247356936618
butcher_lang_1879,STORM,concept_or_setting,18,14.8614,136111,1.3224500591429054
butcher_lang_1879,SUITORS,group,52,36.94645,136111,3.8204112819683935
butcher_lang_1879,SUN,concept_or_setting,12,6.7659,136111,0.881633372761937
butcher_lang_1879,SWORD,concept_or_setting,13,9.77285,136111,0.9551028204920984
butcher_lang_1879,TEIRESIAS,character,3,2.1651,136111,0.22040834319048425
butcher_lang_1879,TELEMACHUS,character,112,82.9019,136111,8.228578145778078
butcher_lang_1879,TROJANS,group,2,1.6227999999999998,136111,0.14693889546032282
butcher_lang_1879,TROY,place,11,8.7879,136111,0.8081639250317755
butcher_lang_1879,WAR,concept_or_setting,14,11.558,136111,1.0285722682222598
butcher_lang_1879,WINE,concept_or_setting,35,29.9525,136111,2.571430670555649
butcher_lang_1879,ZEUS,character,125,72.20989999999999,136111,9.183680966270176
butler_1900,ACHAEANS,group,10,8.239799999999999,126812,0.788568905150932
butler_1900,ACHILLES,character,3,2.3559,126812,0.2365706715452796
butler_1900,AEGISTHUS,character,7,5.1861,126812,0.5519982336056525
butler_1900,AGAMEMNON,character,8,4.6276,126812,0.6308551241207457
butler_1900,AJAX,character,4,1.8228,126812,0.31542756206037287
butler_1900,ALCINOUS,character,13,5.2219,126812,1.0251395766962117
butler_1900,AMPHINOMUS,character,5,3.5486,126812,0.394284452575466
butler_1900,ANGER,concept_or_setting,4,3.3859,126812,0.31542756206037287
butler_1900,ANTINOUS,character,16,8.3928,126812,1.2617102482414915
butler_1900,ARETE,character,5,0.4567,126812,0.394284452575466
butler_1900,ATHENA,character,38,23.92765,126812,2.996561839573542
butler_1900,BLOOD,concept_or_setting,4,3.675,126812,0.31542756206037287
butler_1900,BOW,concept_or_setting,9,3.7548,126812,0.7097120146358389
butler_1900,CALYPSO,character,20,12.4518,126812,1.577137810301864
butler_1900,CIRCE,character,22,12.101,126812,1.7348515913320506
butler_1900,CLYTEMNESTRA,character,1,0.5684,126812,0.07885689051509322
butler_1900,CYCLOPES,group,9,7.6185,126812,0.7097120146358389
butler_1900,DAWN,concept_or_setting,27,22.715,126812,2.1291360439075167
butler_1900,DEATH,concept_or_setting,11,9.6686,126812,0.8674257956660253
butler_1900,DEMODOCUS,character,7,3.9788,126812,0.5519982336056525
butler_1900,EARTH,concept_or_setting,12,7.9635,126812,0.9462826861811184
butler_1900,EUMAEUS,character,18,10.4076,126812,1.4194240292716778
butler_1900,EURYCLEIA,character,8,6.0054,126812,0.6308551241207457
butler_1900,EURYMACHUS,character,9,5.9947,126812,0.7097120146358389
butler_1900,FATE,concept_or_setting,3,2.7577,126812,0.2365706715452796
butler_1900,FIRE,concept_or_setting,6,5.3116,126812,0.4731413430905592
butler_1900,GENERIC_CAVE,generic,5,3.5808999999999997,126812,0.394284452575466
butler_1900,GENERIC_CITY,generic,8,6.6003,126812,0.6308551241207457
butler_1900,GENERIC_DAUGHTER,generic,7,4.2924,126812,0.5519982336056525
butler_1900,GENERIC_FATHER,generic,22,15.5716,126812,1.7348515913320506
butler_1900,GENERIC_FRIEND,generic,9,7.4166,126812,0.7097120146358389
butler_1900,GENERIC_GOD,generic,8,6.263199999999999,126812,0.6308551241207457
butler_1900,GENERIC_GODDESS,generic,7,5.287999999999999,126812,0.5519982336056525
butler_1900,GENERIC_GUEST,generic,1,0.6272,126812,0.07885689051509322
butler_1900,GENERIC_HERO,generic,5,4.1591,126812,0.394284452575466
butler_1900,GENERIC_HUSBAND,generic,9,7.0462,126812,0.7097120146358389
butler_1900,GENERIC_ISLAND,generic,9,4.7677,126812,0.7097120146358389
butler_1900,GENERIC_KING,generic,1,0.8428,126812,0.07885689051509322
butler_1900,GENERIC_MAN,generic,52,33.45415,126812,4.100558306784847
butler_1900,GENERIC_MONSTER,generic,2,1.6856,126812,0.15771378103018643
butler_1900,GENERIC_MOTHER,generic,3,2.3559,126812,0.2365706715452796
butler_1900,GENERIC_MOUNTAIN,generic,9,5.87505,126812,0.7097120146358389
butler_1900,GENERIC_QUEEN,generic,2,1.47,126812,0.15771378103018643
butler_1900,GENERIC_RIVER,generic,1,0.785,126812,0.07885689051509322
butler_1900,GENERIC_SERVANT,generic,3,2.3265,126812,0.2365706715452796
butler_1900,GENERIC_SHORE,generic,1,0.8722,126812,0.07885689051509322
butler_1900,GENERIC_SON,generic,17,11.2563,126812,1.3405671387565845
butler_1900,GENERIC_STRANGER,generic,4,2.8851,126812,0.31542756206037287
butler_1900,GENERIC_WARRIOR,generic,1,0.8428,126812,0.07885689051509322
butler_1900,GENERIC_WIFE,generic,16,11.7198,126812,1.2617102482414915
butler_1900,GENERIC_WOMAN,generic,30,21.6687,126812,2.3657067154527964
butler_1900,GODS,group,13,10.267,126812,1.0251395766962117
butler_1900,HELEN,character,14,9.1375,126812,1.103996467211305
butler_1900,HERA,character,9,6.3494,126812,0.7097120146358389
butler_1900,HERMES,character,11,7.3265,126812,0.8674257956660253
butler_1900,HOME,concept_or_setting,28,19.19135,126812,2.20799293442261
butler_1900,ITHACA,place,7,2.07125,126812,0.5519982336056525
butler_1900,JOURNEY,concept_or_setting,18,12.125,126812,1.4194240292716778
butler_1900,LAERTES,character,25,16.5551,126812,1.9714222628773301
butler_1900,MELANTHIUS,character,6,2.9851,126812,0.4731413430905592
butler_1900,MENELAUS,character,21,13.7798,126812,1.6559947008169573
butler_1900,MIND,concept_or_setting,17,15.1929,126812,1.3405671387565845
butler_1900,MORTALS,group,37,30.965899999999998,126812,2.917704949058449
butler_1900,NAUSICAA,character,7,4.9078,126812,0.5519982336056525
butler_1900,NESTOR,character,15,7.17555,126812,1.1828533577263982
butler_1900,NIGHT,concept_or_setting,17,15.926,126812,1.3405671387565845
butler_1900,ODYSSEUS,character,205,131.11935,126812,16.165662555594107
butler_1900,PALACE,concept_or_setting,38,28.145699999999998,126812,2.996561839573542
butler_1900,PENELOPE,character,24,15.2096,126812,1.8925653723622369
butler_1900,PHAEACIANS,group,6,3.9503999999999997,126812,0.4731413430905592
butler_1900,POLYPHEMUS,character,2,1.8816,126812,0.15771378103018643
butler_1900,POSEIDON,character,19,11.4278,126812,1.498280919786771
butler_1900,SEA,concept_or_setting,85,69.13175,126812,6.702835693782923
butler_1900,SHIELD,concept_or_setting,1,0.9408,126812,0.07885689051509322
butler_1900,SHIP,concept_or_setting,22,17.8929,126812,1.7348515913320506
butler_1900,SKY,concept_or_setting,22,19.3931,126812,1.7348515913320506
butler_1900,SORROW,concept_or_setting,13,10.09195,126812,1.0251395766962117
butler_1900,SPEAR,concept_or_setting,9,7.9458,126812,0.7097120146358389
butler_1900,SPEECH,concept_or_setting,12,9.39225,126812,0.9462826861811184
butler_1900,STORM,concept_or_setting,26,20.57605,126812,2.0502791533924234
butler_1900,SUITORS,group,24,19.1511,126812,1.8925653723622369
butler_1900,SUN,concept_or_setting,8,7.2589,126812,0.6308551241207457
butler_1900,SWORD,concept_or_setting,11,8.3202,126812,0.8674257956660253
butler_1900,TEIRESIAS,character,9,5.9976,126812,0.7097120146358389
butler_1900,TELEMACHUS,character,48,31.41005,126812,3.7851307447244738
butler_1900,TROJANS,group,1,0.9408,126812,0.07885689051509322
butler_1900,TROY,place,5,4.165,126812,0.394284452575466
butler_1900,WINE,concept_or_setting,15,12.9262,126812,1.1828533577263982
butler_1900,ZEUS,character,63,37.3194,126812,4.967984102450872
chapman_1616,ACHAEANS,group,7,3.4806,138361,0.5059229118031815
chapman_1616,ACHILLES,character,5,3.24575,138361,0.3613735084308439
chapman_1616,AGAMEMNON,character,13,9.028599999999999,138361,0.9395711219201942
chapman_1616,AJAX,character,4,2.5909999999999997,138361,0.28909880674467514
chapman_1616,ALCINOUS,character,16,11.6823,138361,1.1563952269787006
chapman_1616,AMPHINOMUS,character,3,1.7312999999999998,138361,0.21682410505850636
chapman_1616,ANGER,concept_or_setting,15,12.03055,138361,1.084120525292532
chapman_1616,ANTINOUS,character,17,11.9002,138361,1.2286699286648695
chapman_1616,ARETE,character,3,2.4875,138361,0.21682410505850636
chapman_1616,ATHENA,character,98,58.9021,138361,7.082920765244541
chapman_1616,BLOOD,concept_or_setting,18,9.62565,138361,1.3009446303510384
chapman_1616,BOW,concept_or_setting,14,8.1351,138361,1.011845823606363
chapman_1616,CALYPSO,character,6,2.9114000000000004,138361,0.4336482101170127
chapman_1616,CIRCE,character,31,19.43235,138361,2.2405157522712322
chapman_1616,CLYTEMNESTRA,character,2,1.5323,138361,0.14454940337233757
chapman_1616,CYCLOPES,group,1,0.8597,138361,0.07227470168616879
chapman_1616,DAWN,concept_or_setting,6,5.0546,138361,0.4336482101170127
chapman_1616,DEATH,concept_or_setting,40,33.4569,138361,2.8909880674467514
chapman_1616,DEMODOCUS,character,8,5.467499999999999,138361,0.5781976134893503
chapman_1616,EARTH,concept_or_setting,29,21.40945,138361,2.095966348898895
chapman_1616,EURYCLEIA,character,6,2.97505,138361,0.4336482101170127
chapman_1616,EURYMACHUS,character,6,4.2825,138361,0.4336482101170127
chapman_1616,FATE,concept_or_setting,14,11.17195,138361,1.011845823606363
chapman_1616,FIRE,concept_or_setting,33,29.1076,138361,2.38506515564357
chapman_1616,GENERIC_CAVE,generic,4,2.9989,138361,0.28909880674467514
chapman_1616,GENERIC_CITY,generic,10,6.7152,138361,0.7227470168616879
chapman_1616,GENERIC_DAUGHTER,generic,9,6.8834,138361,0.6504723151755192
chapman_1616,GENERIC_FATHER,generic,33,24.8908,138361,2.38506515564357
chapman_1616,GENERIC_FRIEND,generic,9,6.9053,138361,0.6504723151755192
chapman_1616,GENERIC_GOD,generic,14,10.9131,138361,1.011845823606363
chapman_1616,GENERIC_GODDESS,generic,5,3.9541,138361,0.3613735084308439
chapman_1616,GENERIC_GUEST,generic,27,19.6225,138361,1.9514169455265573
chapman_1616,GENERIC_HERO,generic,13,10.1528,138361,0.9395711219201942
chapman_1616,GENERIC_HOST,generic,4,2.9253,138361,0.28909880674467514
chapman_1616,GENERIC_HUSBAND,generic,3,2.1432,138361,0.21682410505850636
chapman_1616,GENERIC_ISLAND,generic,4,3.1183,138361,0.28909880674467514
chapman_1616,GENERIC_KING,generic,27,21.6244,138361,1.9514169455265573
chapman_1616,GENERIC_MAN,generic,73,46.60245,138361,5.276053223090322
chapman_1616,GENERIC_MONSTER,generic,2,1.4925000000000002,138361,0.14454940337233757
chapman_1616,GENERIC_MOTHER,generic,10,8.3481,138361,0.7227470168616879
chapman_1616,GENERIC_NYMPH,generic,2,1.4726,138361,0.14454940337233757
chapman_1616,GENERIC_QUEEN,generic,9,7.0466,138361,0.6504723151755192
chapman_1616,GENERIC_SHORE,generic,10,6.33115,138361,0.7227470168616879
chapman_1616,GENERIC_SLAVE,generic,1,0.8557,138361,0.07227470168616879
chapman_1616,GENERIC_SON,generic,45,34.09445,138361,3.2523615758775954
chapman_1616,GENERIC_STRANGER,generic,3,1.27065,138361,0.21682410505850636
chapman_1616,GENERIC_WIFE,generic,10,5.162,138361,0.7227470168616879
chapman_1616,GENERIC_WOMAN,generic,4,3.2039,138361,0.28909880674467514
chapman_1616,GODS,group,33,27.67175,138361,2.38506515564357
chapman_1616,HELEN,character,12,8.6645,138361,0.8672964202340254
chapman_1616,HERA,character,4,2.4676,138361,0.28909880674467514
chapman_1616,HERMES,character,8,3.9641,138361,0.5781976134893503
chapman_1616,HOME,concept_or_setting,24,18.9239,138361,1.7345928404680508
chapman_1616,ITHACA,place,5,4.3879,138361,0.3613735084308439
chapman_1616,JOURNEY,concept_or_setting,13,11.6176,138361,0.9395711219201942
chapman_1616,LAERTES,character,32,23.0643,138361,2.312790453957401
chapman_1616,MELANTHIUS,character,3,1.9899999999999998,138361,0.21682410505850636
chapman_1616,MENELAUS,character,10,4.4815,138361,0.7227470168616879
chapman_1616,MIND,concept_or_setting,86,66.3478,138361,6.215624345010515
chapman_1616,MORTALS,group,83,65.53105000000001,138361,5.9988002399520095
chapman_1616,NAUSICAA,character,12,7.85455,138361,0.8672964202340254
chapman_1616,NESTOR,character,26,16.2583,138361,1.8791422438403884
chapman_1616,NIGHT,concept_or_setting,17,12.37275,138361,1.2286699286648695
chapman_1616,ODYSSEUS,character,250,165.17895,138361,18.068675421542196
chapman_1616,ORESTES,character,4,1.96215,138361,0.28909880674467514
chapman_1616,PALACE,concept_or_setting,46,40.3761,138361,3.3246362775637643
chapman_1616,PENELOPE,character,27,15.7927,138361,1.9514169455265573
chapman_1616,PHAEACIANS,group,3,1.4671500000000002,138361,0.21682410505850636
chapman_1616,POSEIDON,character,29,20.6881,138361,2.095966348898895
chapman_1616,SEA,concept_or_setting,97,78.22315,138361,7.010646063558372
chapman_1616,SHIELD,concept_or_setting,4,3.7014,138361,0.28909880674467514
chapman_1616,SHIP,concept_or_setting,30,26.4808,138361,2.168241050585064
chapman_1616,SKY,concept_or_setting,3,1.2418,138361,0.21682410505850636
chapman_1616,SORROW,concept_or_setting,9,4.12125,138361,0.6504723151755192
chapman_1616,SPEAR,concept_or_setting,16,14.2962,138361,1.1563952269787006
chapman_1616,SPEECH,concept_or_setting,40,30.0699,138361,2.8909880674467514
chapman_1616,STORM,concept_or_setting,15,12.9748,138361,1.084120525292532
chapman_1616,SUITORS,group,32,22.438200000000002,138361,2.312790453957401
chapman_1616,SUN,concept_or_setting,18,15.9389,138361,1.3009446303510384
chapman_1616,SWORD,concept_or_setting,7,6.1372,138361,0.5059229118031815
chapman_1616,TEIRESIAS,character,12,8.7163,138361,0.8672964202340254
chapman_1616,TELEMACHUS,character,36,23.1148,138361,2.6018892607020767
chapman_1616,TROJANS,group,1,0.8597,138361,0.07227470168616879
chapman_1616,TROY,place,7,6.0735,138361,0.5059229118031815
chapman_1616,WAR,concept_or_setting,6,5.4506,138361,0.4336482101170127
chapman_1616,WINE,concept_or_setting,24,20.108900000000002,138361,1.7345928404680508
chapman_1616,ZEUS,character,142,82.7391,138361,10.263007639435969
cowper_1791,ACHAEANS,group,2,1.8208,113783,0.1757731822855787
cowper_1791,ACHILLES,character,5,4.1114,113783,0.43943295571394675
cowper_1791,AGAMEMNON,character,9,6.7024,113783,0.7909793202851041
cowper_1791,AJAX,character,1,0.9552,113783,0.08788659114278935
cowper_1791,AMPHINOMUS,character,1,0.5771,113783,0.08788659114278935
cowper_1791,ANGER,concept_or_setting,7,6.4018,113783,0.6152061379995254
cowper_1791,ARETE,character,5,3.2197999999999998,113783,0.43943295571394675
cowper_1791,ATHENA,character,62,38.538349999999994,113783,5.44896865085294
cowper_1791,BLOOD,concept_or_setting,7,6.1332,113783,0.6152061379995254
cowper_1791,BOW,concept_or_setting,19,15.1031,113783,1.6698452317129975
cowper_1791,CALYPSO,character,13,9.5798,113783,1.1425256848562615
cowper_1791,CIRCE,character,21,13.8642,113783,1.8456184139985763
cowper_1791,CLYTEMNESTRA,character,6,3.9044,113783,0.5273195468567361
cowper_1791,CYCLOPES,group,5,1.62385,113783,0.43943295571394675
cowper_1791,DAWN,concept_or_setting,26,19.5219,113783,2.285051369712523
cowper_1791,DEATH,concept_or_setting,17,14.6494,113783,1.494072049427419
cowper_1791,DEMODOCUS,character,7,4.6765,113783,0.6152061379995254
cowper_1791,EARTH,concept_or_setting,26,21.0144,113783,2.285051369712523
cowper_1791,EURYCLEIA,character,9,6.5869,113783,0.7909793202851041
cowper_1791,EURYMACHUS,character,19,9.354999999999999,113783,1.6698452317129975
cowper_1791,FATE,concept_or_setting,13,8.2465,113783,1.1425256848562615
cowper_1791,FIRE,concept_or_setting,6,4.8556,113783,0.5273195468567361
cowper_1791,GENERIC_CAVE,generic,3,2.4815,113783,0.26365977342836805
cowper_1791,GENERIC_CITY,generic,11,7.20775,113783,0.9667525025706828
cowper_1791,GENERIC_DAUGHTER,generic,24,18.0016,113783,2.1092781874269444
cowper_1791,GENERIC_FATHER,generic,24,17.67315,113783,2.1092781874269444
cowper_1791,GENERIC_FRIEND,generic,18,13.591750000000001,113783,1.5819586405702082
cowper_1791,GENERIC_GOD,generic,3,1.03875,113783,0.26365977342836805
cowper_1791,GENERIC_GODDESS,generic,11,7.31125,113783,0.9667525025706828
cowper_1791,GENERIC_GUEST,generic,12,9.3729,113783,1.0546390937134722
cowper_1791,GENERIC_HERO,generic,15,10.7898,113783,1.31829886714184
cowper_1791,GENERIC_HOST,generic,6,4.7103,113783,0.5273195468567361
cowper_1791,GENERIC_HUSBAND,generic,3,2.2626,113783,0.26365977342836805
cowper_1791,GENERIC_ISLAND,generic,1,0.6368,113783,0.08788659114278935
cowper_1791,GENERIC_KING,generic,16,12.905,113783,1.4061854582846296
cowper_1791,GENERIC_MAN,generic,30,17.60595,113783,2.63659773428368
cowper_1791,GENERIC_MONSTER,generic,2,0.3716,113783,0.1757731822855787
cowper_1791,GENERIC_MOTHER,generic,5,4.1591000000000005,113783,0.43943295571394675
cowper_1791,GENERIC_MOUNTAIN,generic,2,1.5402,113783,0.1757731822855787
cowper_1791,GENERIC_NYMPH,generic,5,2.55715,113783,0.43943295571394675
cowper_1791,GENERIC_QUEEN,generic,12,8.13705,113783,1.0546390937134722
cowper_1791,GENERIC_RIVER,generic,1,0.6368,113783,0.08788659114278935
cowper_1791,GENERIC_SERVANT,generic,1,0.8557,113783,0.08788659114278935
cowper_1791,GENERIC_SHORE,generic,7,4.24965,113783,0.6152061379995254
cowper_1791,GENERIC_SON,generic,43,29.20675,113783,3.7791234191399417
cowper_1791,GENERIC_STRANGER,generic,10,5.8237,113783,0.8788659114278935
cowper_1791,GENERIC_WARRIOR,generic,1,0.6368,113783,0.08788659114278935
cowper_1791,GENERIC_WIFE,generic,6,3.7889,113783,0.5273195468567361
cowper_1791,GENERIC_WOMAN,generic,5,3.0248500000000003,113783,0.43943295571394675
cowper_1791,GODS,group,18,11.719,113783,1.5819586405702082
cowper_1791,HELEN,character,15,10.5908,113783,1.31829886714184
cowper_1791,HERA,character,3,2.0139,113783,0.26365977342836805
cowper_1791,HERMES,character,8,5.2775,113783,0.7030927291423148
cowper_1791,HOME,concept_or_setting,32,24.505,113783,2.812370916569259
cowper_1791,ITHACA,place,7,6.4954,113783,0.6152061379995254
cowper_1791,JOURNEY,concept_or_setting,48,36.82765,113783,4.218556374853889
cowper_1791,LAERTES,character,24,15.5121,113783,2.1092781874269444
cowper_1791,MELANTHIUS,character,4,2.6864999999999997,113783,0.3515463645711574
cowper_1791,MENELAUS,character,26,16.66225,113783,2.285051369712523
cowper_1791,MIND,concept_or_setting,33,18.94985,113783,2.9002575077120483
cowper_1791,MORTALS,group,4,3.6298000000000004,113783,0.3515463645711574
cowper_1791,NAUSICAA,character,10,7.5103,113783,0.8788659114278935
cowper_1791,NESTOR,character,25,13.883149999999999,113783,2.197164778569734
cowper_1791,NIGHT,concept_or_setting,18,15.6285,113783,1.5819586405702082
cowper_1791,ODYSSEUS,character,266,181.5958,113783,23.377833243981968
cowper_1791,ORESTES,character,2,1.1542,113783,0.1757731822855787
cowper_1791,PALACE,concept_or_setting,37,29.3793,113783,3.251803872283206
cowper_1791,PENELOPE,character,36,20.31285,113783,3.1639172811404164
cowper_1791,PHAEACIANS,group,2,1.596,113783,0.1757731822855787
cowper_1791,POSEIDON,character,14,9.038549999999999,113783,1.2304122759990508
cowper_1791,SEA,concept_or_setting,190,142.2158,113783,16.698452317129977
cowper_1791,SHIELD,concept_or_setting,1,0.8358,113783,0.08788659114278935
cowper_1791,SHIP,concept_or_setting,17,12.5658,113783,1.494072049427419
cowper_1791,SORROW,concept_or_setting,14,12.1301,113783,1.2304122759990508
cowper_1791,SPEAR,concept_or_setting,21,19.4323,113783,1.8456184139985763
cowper_1791,SPEECH,concept_or_setting,28,22.3637,113783,2.4608245519981016
cowper_1791,STORM,concept_or_setting,10,6.4675,113783,0.8788659114278935
cowper_1791,SUITORS,group,27,17.460250000000002,113783,2.3729379608553125
cowper_1791,SUN,concept_or_setting,15,11.5113,113783,1.31829886714184
cowper_1791,SWORD,concept_or_setting,5,4.3422,113783,0.43943295571394675
cowper_1791,TEIRESIAS,character,5,3.4227999999999996,113783,0.43943295571394675
cowper_1791,TELEMACHUS,character,85,52.03575,113783,7.470360247137094
cowper_1791,TROY,place,6,2.6616500000000003,113783,0.5273195468567361
cowper_1791,WAR,concept_or_setting,9,5.2317,113783,0.7909793202851041
cowper_1791,WINE,concept_or_setting,22,16.8144,113783,1.9335050051413656
cowper_1791,ZEUS,character,86,54.613749999999996,113783,7.558246838279883
murray_1919,ACHAEANS,group,19,12.4333,136668,1.390230339216203
murray_1919,ACHILLES,character,7,4.8727,136668,0.5121901249743905
murray_1919,AEGISTHUS,character,9,5.4468,136668,0.6585301606813593
murray_1919,AGAMEMNON,character,13,5.54865,136668,0.9512102320952966
murray_1919,AJAX,character,1,0.6221,136668,0.07317001785348436
murray_1919,ALCINOUS,character,20,14.6511,136668,1.4634003570696872
murray_1919,AMPHINOMUS,character,2,1.3533,136668,0.1463400357069687
murray_1919,ANGER,concept_or_setting,10,5.5579,136668,0.7317001785348436
murray_1919,ANTINOUS,character,27,15.0829,136668,1.9755904820440775
murray_1919,ARETE,character,9,5.892799999999999,136668,0.6585301606813593
murray_1919,ATHENA,character,62,30.57085,136668,4.53654110691603
murray_1919,BLOOD,concept_or_setting,15,10.5281,136668,1.0975502678022653
murray_1919,BOW,concept_or_setting,19,14.14235,136668,1.390230339216203
murray_1919,CALYPSO,character,12,7.9268,136668,0.8780402142418122
murray_1919,CIRCE,character,32,16.7716,136668,2.3414405713114994
murray_1919,CLYTEMNESTRA,character,3,1.7309,136668,0.21951005356045306
murray_1919,CYCLOPES,group,9,6.4589,136668,0.6585301606813593
murray_1919,DAWN,concept_or_setting,35,25.1583,136668,2.5609506248719525
murray_1919,DEATH,concept_or_setting,24,16.11285,136668,1.7560804284836244
murray_1919,DEMODOCUS,character,7,4.2697,136668,0.5121901249743905
murray_1919,EARTH,concept_or_setting,42,26.578400000000002,136668,3.073140749846343
murray_1919,EUMAEUS,character,2,1.0672,136668,0.1463400357069687
murray_1919,EURYCLEIA,character,7,3.9836,136668,0.5121901249743905
murray_1919,EURYMACHUS,character,3,1.0865,136668,0.21951005356045306
murray_1919,FATE,concept_or_setting,23,15.3914,136668,1.68291041063014
murray_1919,FIRE,concept_or_setting,11,8.5295,136668,0.8048701963883279
murray_1919,GENERIC_CAVE,generic,8,5.1937,136668,0.5853601428278749
murray_1919,GENERIC_CITY,generic,9,5.9612,136668,0.6585301606813593
murray_1919,GENERIC_DAUGHTER,generic,17,9.52115,136668,1.2438903035092341
murray_1919,GENERIC_FATHER,generic,27,19.0555,136668,1.9755904820440775
murray_1919,GENERIC_FRIEND,generic,6,3.1437999999999997,136668,0.4390201071209061
murray_1919,GENERIC_GOD,generic,13,7.40365,136668,0.9512102320952966
murray_1919,GENERIC_GODDESS,generic,30,18.68665,136668,2.1951005356045306
murray_1919,GENERIC_GUEST,generic,1,0.6808,136668,0.07317001785348436
murray_1919,GENERIC_HOST,generic,2,1.5281,136668,0.1463400357069687
murray_1919,GENERIC_HUSBAND,generic,8,5.8071,136668,0.5853601428278749
murray_1919,GENERIC_ISLAND,generic,3,2.0164999999999997,136668,0.21951005356045306
murray_1919,GENERIC_KING,generic,4,3.0065999999999997,136668,0.2926800714139374
murray_1919,GENERIC_MAN,generic,115,70.5844,136668,8.414552053150702
murray_1919,GENERIC_MONSTER,generic,2,0.2098,136668,0.1463400357069687
murray_1919,GENERIC_MOTHER,generic,12,8.039299999999999,136668,0.8780402142418122
murray_1919,GENERIC_MOUNTAIN,generic,6,4.417,136668,0.4390201071209061
murray_1919,GENERIC_NYMPH,generic,2,1.4104,136668,0.1463400357069687
murray_1919,GENERIC_QUEEN,generic,5,3.3969,136668,0.3658500892674218
murray_1919,GENERIC_RIVER,generic,2,1.1520000000000001,136668,0.1463400357069687
murray_1919,GENERIC_SERVANT,generic,1,0.7912,136668,0.07317001785348436
murray_1919,GENERIC_SHORE,generic,4,2.8925,136668,0.2926800714139374
murray_1919,GENERIC_SLAVE,generic,1,-0.3956,136668,0.07317001785348436
murray_1919,GENERIC_SON,generic,26,14.437249999999999,136668,1.9024204641905933
murray_1919,GENERIC_STRANGER,generic,8,4.65525,136668,0.5853601428278749
murray_1919,GENERIC_WIFE,generic,12,6.9221,136668,0.8780402142418122
murray_1919,GENERIC_WOMAN,generic,15,11.1385,136668,1.0975502678022653
murray_1919,GODS,group,18,11.9301,136668,1.3170603213627186
murray_1919,HELEN,character,18,10.8634,136668,1.3170603213627186
murray_1919,HERA,character,1,0.7949,136668,0.07317001785348436
murray_1919,HERMES,character,17,9.5344,136668,1.2438903035092341
murray_1919,HOME,concept_or_setting,18,12.67005,136668,1.3170603213627186
murray_1919,ITHACA,place,14,5.1878,136668,1.024380249948781
murray_1919,JOURNEY,concept_or_setting,15,7.64305,136668,1.0975502678022653
murray_1919,LAERTES,character,29,18.1848,136668,2.1219305177510464
murray_1919,MELANTHIUS,character,8,3.8916,136668,0.5853601428278749
murray_1919,MELANTHO,character,1,0.8832,136668,0.07317001785348436
murray_1919,MENELAUS,character,19,12.805299999999999,136668,1.390230339216203
murray_1919,MIND,concept_or_setting,104,71.3104,136668,7.609681856762373
murray_1919,MOON,concept_or_setting,3,2.4095,136668,0.21951005356045306
murray_1919,MORTALS,group,80,60.18705,136668,5.853601428278749
murray_1919,NAUSICAA,character,9,6.5099,136668,0.6585301606813593
murray_1919,NESTOR,character,26,12.48905,136668,1.9024204641905933
murray_1919,NIGHT,concept_or_setting,16,12.3931,136668,1.1707202856557497
murray_1919,ODYSSEUS,character,264,157.33115,136668,19.316884713319872
murray_1919,ORESTES,character,1,0.8832,136668,0.07317001785348436
murray_1919,PALACE,concept_or_setting,74,56.615,136668,5.414581321157843
murray_1919,PENELOPE,character,72,45.9158,136668,5.268241285450874
murray_1919,PHAEACIANS,group,2,1.7664,136668,0.1463400357069687
murray_1919,POLYPHEMUS,character,1,0.6912,136668,0.07317001785348436
murray_1919,POSEIDON,character,23,12.3727,136668,1.68291041063014
murray_1919,SEA,concept_or_setting,163,111.4896,136668,11.92671291011795
murray_1919,SHIELD,concept_or_setting,2,1.6560000000000001,136668,0.1463400357069687
murray_1919,SHIP,concept_or_setting,80,55.0542,136668,5.853601428278749
murray_1919,SKY,concept_or_setting,6,3.3784,136668,0.4390201071209061
murray_1919,SORROW,concept_or_setting,27,14.3274,136668,1.9755904820440775
murray_1919,SPEAR,concept_or_setting,35,25.46,136668,2.5609506248719525
murray_1919,SPEECH,concept_or_setting,55,37.19885,136668,4.024350981941639
murray_1919,STORM,concept_or_setting,30,22.4454,136668,2.1951005356045306
murray_1919,SUITORS,group,40,27.09205,136668,2.9268007141393744
murray_1919,SUN,concept_or_setting,16,9.5354,136668,1.1707202856557497
murray_1919,SWORD,concept_or_setting,18,12.63405,136668,1.3170603213627186
murray_1919,TEIRESIAS,character,6,3.2727999999999997,136668,0.4390201071209061
murray_1919,TELEMACHUS,character,106,62.69495,136668,7.7560218924693425
murray_1919,TROJANS,group,1,0.6808,136668,0.07317001785348436
murray_1919,TROY,place,4,2.208,136668,0.2926800714139374
murray_1919,WAR,concept_or_setting,18,12.8209,136668,1.3170603213627186
murray_1919,WINE,concept_or_setting,27,19.5752,136668,1.9755904820440775
murray_1919,ZEUS,character,143,73.60979999999999,136668,10.463312553048263
pope_1726,ACHAEANS,group,4,3.582,111063,0.36015594752527846
pope_1726,ACHILLES,character,14,10.20875,111063,1.2605458163384746
pope_1726,AGAMEMNON,character,3,2.0995,111063,0.27011696064395885
pope_1726,AJAX,character,4,2.7422,111063,0.36015594752527846
pope_1726,ALCINOUS,character,32,25.6273,111063,2.8812475802022277
pope_1726,AMPHINOMUS,character,3,2.6507,111063,0.27011696064395885
pope_1726,ANGER,concept_or_setting,38,30.25095,111063,3.421481501490145
pope_1726,ANTINOUS,character,30,15.961849999999998,111063,2.7011696064395885
pope_1726,ARETE,character,8,5.2775,111063,0.7203118950505569
pope_1726,ATHENA,character,76,48.415699999999994,111063,6.84296300298029
pope_1726,BLOOD,concept_or_setting,14,11.31115,111063,1.2605458163384746
pope_1726,BOW,concept_or_setting,9,7.0226500000000005,111063,0.8103508819318765
pope_1726,CALYPSO,character,10,7.0645,111063,0.900389868813196
pope_1726,CIRCE,character,14,9.575899999999999,111063,1.2605458163384746
pope_1726,CLYTEMNESTRA,character,2,1.791,111063,0.18007797376263923
pope_1726,CYCLOPES,group,2,1.5044,111063,0.18007797376263923
pope_1726,DAWN,concept_or_setting,14,12.1191,111063,1.2605458163384746
pope_1726,DEATH,concept_or_setting,21,17.2733,111063,1.8908187245077117
pope_1726,DEMODOCUS,character,3,2.6507,111063,0.27011696064395885
pope_1726,EARTH,concept_or_setting,47,40.5723,111063,4.231832383422022
pope_1726,EUMAEUS,character,37,22.001549999999998,111063,3.331442514608826
pope_1726,EURYCLEIA,character,13,8.39185,111063,1.170506829457155
pope_1726,EURYMACHUS,character,11,6.77595,111063,0.9904288556945157
pope_1726,FATE,concept_or_setting,39,33.2599,111063,3.511520488371465
pope_1726,FIRE,concept_or_setting,14,12.5369,111063,1.2605458163384746
pope_1726,GENERIC_CAVE,generic,1,0.7363,111063,0.09003898688131962
pope_1726,GENERIC_DAUGHTER,generic,7,5.4804,111063,0.6302729081692373
pope_1726,GENERIC_FATHER,generic,20,15.9916,111063,1.800779737626392
pope_1726,GENERIC_FRIEND,generic,20,16.0722,111063,1.800779737626392
pope_1726,GENERIC_GOD,generic,23,18.8362,111063,2.070896698270351
pope_1726,GENERIC_GODDESS,generic,9,6.9252,111063,0.8103508819318765
pope_1726,GENERIC_GUEST,generic,30,23.177500000000002,111063,2.7011696064395885
pope_1726,GENERIC_HERO,generic,21,16.2861,111063,1.8908187245077117
pope_1726,GENERIC_HOST,generic,8,6.555,111063,0.7203118950505569
pope_1726,GENERIC_KING,generic,27,18.56975,111063,2.4310526457956296
pope_1726,GENERIC_MAN,generic,57,37.33035,111063,5.132222252235218
pope_1726,GENERIC_MONSTER,generic,1,0.7363,111063,0.09003898688131962
pope_1726,GENERIC_MOTHER,generic,7,5.5401,111063,0.6302729081692373
pope_1726,GENERIC_MOUNTAIN,generic,3,2.1432,111063,0.27011696064395885
pope_1726,GENERIC_NYMPH,generic,12,8.001850000000001,111063,1.0804678425758354
pope_1726,GENERIC_QUEEN,generic,23,16.0314,111063,2.070896698270351
pope_1726,GENERIC_SERVANT,generic,6,5.0486,111063,0.5402339212879177
pope_1726,GENERIC_SHORE,generic,22,16.21645,111063,1.9808577113890313
pope_1726,GENERIC_SLAVE,generic,7,5.934200000000001,111063,0.6302729081692373
pope_1726,GENERIC_SON,generic,31,20.35065,111063,2.7912085933209076
pope_1726,GENERIC_STRANGER,generic,25,14.0534,111063,2.2509746720329904
pope_1726,GENERIC_WARRIOR,generic,3,2.4477,111063,0.27011696064395885
pope_1726,GENERIC_WIFE,generic,1,0.7363,111063,0.09003898688131962
pope_1726,GENERIC_WOMAN,generic,3,1.0875499999999998,111063,0.27011696064395885
pope_1726,GODS,group,36,30.7017,111063,3.241403527727506
pope_1726,HELEN,character,11,8.0237,111063,0.9904288556945157
pope_1726,HERA,character,3,1.9899999999999998,111063,0.27011696064395885
pope_1726,HERMES,character,14,10.0296,111063,1.2605458163384746
pope_1726,HOME,concept_or_setting,11,9.4256,111063,0.9904288556945157
pope_1726,ITHACA,place,8,5.6178,111063,0.7203118950505569
pope_1726,JOURNEY,concept_or_setting,28,24.0969,111063,2.5210916326769492
pope_1726,LAERTES,character,34,22.8254,111063,3.061325553964867
pope_1726,MELANTHIUS,character,8,5.08845,111063,0.7203118950505569
pope_1726,MELANTHO,character,3,2.2965,111063,0.27011696064395885
pope_1726,MENELAUS,character,8,5.283399999999999,111063,0.7203118950505569
pope_1726,MIND,concept_or_setting,107,83.22345,111063,9.634171596301199
pope_1726,MORTALS,group,30,22.724800000000002,111063,2.7011696064395885
pope_1726,NAUSICAA,character,5,3.8049,111063,0.450194934406598
pope_1726,NESTOR,character,26,18.5448,111063,2.34101365891431
pope_1726,NIGHT,concept_or_setting,19,16.8792,111063,1.7107407507450725
pope_1726,ODYSSEUS,character,224,154.96949999999998,111063,20.168733061415594
pope_1726,ORESTES,character,7,3.0288,111063,0.6302729081692373
pope_1726,PALACE,concept_or_setting,21,16.6045,111063,1.8908187245077117
pope_1726,PENELOPE,character,17,11.4505,111063,1.5306627769824335
pope_1726,PHAEACIANS,group,1,0.9552,111063,0.09003898688131962
pope_1726,POLYPHEMUS,character,2,1.7462,111063,0.18007797376263923
pope_1726,POSEIDON,character,25,18.2603,111063,2.2509746720329904
pope_1726,SEA,concept_or_setting,180,140.75505,111063,16.20701763863753
pope_1726,SHIELD,concept_or_setting,1,0.9552,111063,0.09003898688131962
pope_1726,SHIP,concept_or_setting,14,11.43455,111063,1.2605458163384746
pope_1726,SKY,concept_or_setting,53,42.4704,111063,4.772066304709939
pope_1726,SORROW,concept_or_setting,33,26.3069,111063,2.971286567083547
pope_1726,SPEAR,concept_or_setting,13,11.2316,111063,1.170506829457155
pope_1726,SPEECH,concept_or_setting,29,22.0443,111063,2.6111306195582684
pope_1726,STORM,concept_or_setting,18,14.184800000000001,111063,1.620701763863753
pope_1726,SUITORS,group,4,3.4149000000000003,111063,0.36015594752527846
pope_1726,SUN,concept_or_setting,11,6.6903500000000005,111063,0.9904288556945157
pope_1726,SWORD,concept_or_setting,10,9.149000000000001,111063,0.900389868813196
pope_1726,TELEMACHUS,character,68,43.05065,111063,6.122651107929734
pope_1726,TROJANS,group,1,0.8358,111063,0.09003898688131962
pope_1726,TROY,place,6,5.182,111063,0.5402339212879177
pope_1726,WAR,concept_or_setting,16,14.077300000000001,111063,1.4406237901011139
pope_1726,WINE,concept_or_setting,28,24.994500000000002,111063,2.5210916326769492
pope_1726,ZEUS,character,118,74.23315,111063,10.624600451995715
